,image_name,x,y,score
0,RPE1wt_CEP63+CETN2+PCNT_1_001_003_max_C1,1301,2017,0.8945168256759644
1,RPE1wt_CEP63+CETN2+PCNT_1_001_003_max_C1,1301,2014,0.23297174274921417
2,RPE1wt_CEP63+CETN2+PCNT_1_001_003_max_C1,1300,2012,0.11946485191583633
3,RPE1wt_CEP63+CETN2+PCNT_1_001_003_max_C1,457,1943,0.8625155687332153
4,RPE1wt_CEP63+CETN2+PCNT_1_001_003_max_C1,1414,1815,0.9543248414993286
5,RPE1wt_CEP63+CETN2+PCNT_1_001_003_max_C1,1615,1791,0.13344521820545197
6,RPE1wt_CEP63+CETN2+PCNT_1_001_003_max_C1,1611,1787,0.8243257403373718
7,RPE1wt_CEP63+CETN2+PCNT_1_001_003_max_C1,76,1763,0.9326153993606567
8,RPE1wt_CEP63+CETN2+PCNT_1_001_003_max_C1,82,1760,0.6460659503936768
9,RPE1wt_CEP63+CETN2+PCNT_1_001_003_max_C1,559,1731,0.6124652028083801
10,RPE1wt_CEP63+CETN2+PCNT_1_001_003_max_C1,561,1723,0.9657445549964905
11,RPE1wt_CEP63+CETN2+PCNT_1_001_003_max_C1,824,1662,0.5153626203536987
12,RPE1wt_CEP63+CETN2+PCNT_1_001_003_max_C1,824,1656,0.9427343606948853
13,RPE1wt_CEP63+CETN2+PCNT_1_001_003_max_C1,57,1622,0.9448317289352417
14,RPE1wt_CEP63+CETN2+PCNT_1_001_003_max_C1,50,1619,0.8601015210151672
15,RPE1wt_CEP63+CETN2+PCNT_1_001_003_max_C1,2043,1611,0.22450284659862518
16,RPE1wt_CEP63+CETN2+PCNT_1_001_003_max_C1,2040,1604,0.9225878715515137
17,RPE1wt_CEP63+CETN2+PCNT_1_001_003_max_C1,1668,1507,0.2611846327781677
18,RPE1wt_CEP63+CETN2+PCNT_1_001_003_max_C1,1668,1501,0.9142764210700989
19,RPE1wt_CEP63+CETN2+PCNT_1_001_003_max_C1,931,1488,0.9069914817810059
20,RPE1wt_CEP63+CETN2+PCNT_1_001_003_max_C1,932,1482,0.17257961630821228
21,RPE1wt_CEP63+CETN2+PCNT_1_001_003_max_C1,336,1446,0.9432196617126465
22,RPE1wt_CEP63+CETN2+PCNT_1_001_003_max_C1,339,1436,0.9040883183479309
23,RPE1wt_CEP63+CETN2+PCNT_1_001_003_max_C1,1488,1393,0.938361644744873
24,RPE1wt_CEP63+CETN2+PCNT_1_001_003_max_C1,1911,1356,0.8358774781227112
25,RPE1wt_CEP63+CETN2+PCNT_1_001_003_max_C1,1904,1349,0.9173558950424194
26,RPE1wt_CEP63+CETN2+PCNT_1_001_003_max_C1,183,1242,0.9320688843727112
27,RPE1wt_CEP63+CETN2+PCNT_1_001_003_max_C1,1004,1181,0.6571465134620667
28,RPE1wt_CEP63+CETN2+PCNT_1_001_003_max_C1,1005,1176,0.3178384304046631
29,RPE1wt_CEP63+CETN2+PCNT_1_001_003_max_C1,629,1100,0.2485623061656952
30,RPE1wt_CEP63+CETN2+PCNT_1_001_003_max_C1,631,1094,0.9017415642738342
31,RPE1wt_CEP63+CETN2+PCNT_1_001_003_max_C1,1750,1070,0.9124836325645447
32,RPE1wt_CEP63+CETN2+PCNT_1_001_003_max_C1,1757,1069,0.24332545697689056
33,RPE1wt_CEP63+CETN2+PCNT_1_001_003_max_C1,1621,965,0.9245611429214478
34,RPE1wt_CEP63+CETN2+PCNT_1_001_003_max_C1,1616,960,0.6209977865219116
35,RPE1wt_CEP63+CETN2+PCNT_1_001_003_max_C1,1421,954,0.9658012986183167
36,RPE1wt_CEP63+CETN2+PCNT_1_001_003_max_C1,1217,923,0.930147111415863
37,RPE1wt_CEP63+CETN2+PCNT_1_001_003_max_C1,1932,833,0.8736932873725891
38,RPE1wt_CEP63+CETN2+PCNT_1_001_003_max_C1,1938,829,0.919259786605835
39,RPE1wt_CEP63+CETN2+PCNT_1_001_003_max_C1,1171,708,0.7107837200164795
40,RPE1wt_CEP63+CETN2+PCNT_1_001_003_max_C1,1169,703,0.22224284708499908
41,RPE1wt_CEP63+CETN2+PCNT_1_001_003_max_C1,148,626,0.9311507940292358
42,RPE1wt_CEP63+CETN2+PCNT_1_001_003_max_C1,144,613,0.9470586776733398
43,RPE1wt_CEP63+CETN2+PCNT_1_001_003_max_C1,735,595,0.955669105052948
44,RPE1wt_CEP63+CETN2+PCNT_1_001_003_max_C1,1688,562,0.9410608410835266
45,RPE1wt_CEP63+CETN2+PCNT_1_001_003_max_C1,243,296,0.9765714406967163
46,RPE1wt_CEP63+CETN2+PCNT_1_001_003_max_C1,1477,256,0.10277426987886429
47,RPE1wt_CEP63+CETN2+PCNT_1_001_003_max_C1,1481,253,0.9010719656944275
48,RPE1wt_CEP63+CETN2+PCNT_1_001_003_max_C1,1066,85,0.84220290184021
49,RPE1wt_CEP63+CETN2+PCNT_1_001_003_max_C1,1074,77,0.9505276679992676
50,RPE1wt_CEP63+CETN2+PCNT_1_001_003_max_C1,1827,66,0.941416323184967
51,RPE1wt_CEP63+CETN2+PCNT_1_001_003_max_C1,1927,12,0.9660019278526306
52,RPE1wt_CEP63+CETN2+PCNT_1_003_001_max_C1,467,1924,0.8165172934532166
53,RPE1wt_CEP63+CETN2+PCNT_1_003_001_max_C1,1420,1916,0.7992038130760193
54,RPE1wt_CEP63+CETN2+PCNT_1_003_001_max_C1,786,1826,0.6202844977378845
55,RPE1wt_CEP63+CETN2+PCNT_1_003_001_max_C1,787,1821,0.8292181491851807
56,RPE1wt_CEP63+CETN2+PCNT_1_003_001_max_C1,128,1813,0.9423247575759888
57,RPE1wt_CEP63+CETN2+PCNT_1_003_001_max_C1,2012,1762,0.898110568523407
58,RPE1wt_CEP63+CETN2+PCNT_1_003_001_max_C1,2017,1760,0.1761869490146637
59,RPE1wt_CEP63+CETN2+PCNT_1_003_001_max_C1,1585,1737,0.7237685918807983
60,RPE1wt_CEP63+CETN2+PCNT_1_003_001_max_C1,1590,1731,0.132894828915596
61,RPE1wt_CEP63+CETN2+PCNT_1_003_001_max_C1,1769,1719,0.15604828298091888
62,RPE1wt_CEP63+CETN2+PCNT_1_003_001_max_C1,1770,1713,0.4817342460155487
63,RPE1wt_CEP63+CETN2+PCNT_1_003_001_max_C1,293,1668,0.8557044863700867
64,RPE1wt_CEP63+CETN2+PCNT_1_003_001_max_C1,289,1661,0.2553968131542206
65,RPE1wt_CEP63+CETN2+PCNT_1_003_001_max_C1,1161,1629,0.40319889783859253
66,RPE1wt_CEP63+CETN2+PCNT_1_003_001_max_C1,13,1607,0.714279055595398
67,RPE1wt_CEP63+CETN2+PCNT_1_003_001_max_C1,1147,1606,0.8028212785720825
68,RPE1wt_CEP63+CETN2+PCNT_1_003_001_max_C1,16,1604,0.11796393245458603
69,RPE1wt_CEP63+CETN2+PCNT_1_003_001_max_C1,471,1558,0.9122048020362854
70,RPE1wt_CEP63+CETN2+PCNT_1_003_001_max_C1,477,1556,0.6662763953208923
71,RPE1wt_CEP63+CETN2+PCNT_1_003_001_max_C1,19,1497,0.7442076802253723
72,RPE1wt_CEP63+CETN2+PCNT_1_003_001_max_C1,771,1430,0.5461685657501221
73,RPE1wt_CEP63+CETN2+PCNT_1_003_001_max_C1,768,1422,0.9630922675132751
74,RPE1wt_CEP63+CETN2+PCNT_1_003_001_max_C1,1733,1413,0.5832918286323547
75,RPE1wt_CEP63+CETN2+PCNT_1_003_001_max_C1,1733,1410,0.8576381802558899
76,RPE1wt_CEP63+CETN2+PCNT_1_003_001_max_C1,261,1262,0.9814778566360474
77,RPE1wt_CEP63+CETN2+PCNT_1_003_001_max_C1,244,1260,0.7150598764419556
78,RPE1wt_CEP63+CETN2+PCNT_1_003_001_max_C1,1138,1236,0.9447294473648071
79,RPE1wt_CEP63+CETN2+PCNT_1_003_001_max_C1,1421,1210,0.9475992321968079
80,RPE1wt_CEP63+CETN2+PCNT_1_003_001_max_C1,877,1059,0.1010235846042633
81,RPE1wt_CEP63+CETN2+PCNT_1_003_001_max_C1,871,1057,0.9713438153266907
82,RPE1wt_CEP63+CETN2+PCNT_1_003_001_max_C1,572,1050,0.5065330266952515
83,RPE1wt_CEP63+CETN2+PCNT_1_003_001_max_C1,572,1043,0.7737684845924377
84,RPE1wt_CEP63+CETN2+PCNT_1_003_001_max_C1,1553,1039,0.9665501117706299
85,RPE1wt_CEP63+CETN2+PCNT_1_003_001_max_C1,1980,947,0.9652301669120789
86,RPE1wt_CEP63+CETN2+PCNT_1_003_001_max_C1,541,784,0.9410702586174011
87,RPE1wt_CEP63+CETN2+PCNT_1_003_001_max_C1,564,761,0.970773458480835
88,RPE1wt_CEP63+CETN2+PCNT_1_003_001_max_C1,1976,722,0.9093596339225769
89,RPE1wt_CEP63+CETN2+PCNT_1_003_001_max_C1,880,651,0.9593963027000427
90,RPE1wt_CEP63+CETN2+PCNT_1_003_001_max_C1,886,643,0.9567733407020569
91,RPE1wt_CEP63+CETN2+PCNT_1_003_001_max_C1,316,607,0.8358364701271057
92,RPE1wt_CEP63+CETN2+PCNT_1_003_001_max_C1,314,600,0.9120877385139465
93,RPE1wt_CEP63+CETN2+PCNT_1_003_001_max_C1,1337,580,0.15986229479312897
94,RPE1wt_CEP63+CETN2+PCNT_1_003_001_max_C1,1332,578,0.8203608393669128
95,RPE1wt_CEP63+CETN2+PCNT_1_003_001_max_C1,635,523,0.890791654586792
96,RPE1wt_CEP63+CETN2+PCNT_1_003_001_max_C1,667,438,0.9711747169494629
97,RPE1wt_CEP63+CETN2+PCNT_1_003_001_max_C1,105,371,0.1362929493188858
98,RPE1wt_CEP63+CETN2+PCNT_1_003_001_max_C1,90,364,0.9167182445526123
99,RPE1wt_CEP63+CETN2+PCNT_1_003_001_max_C1,2046,343,0.13662827014923096
100,RPE1wt_CEP63+CETN2+PCNT_1_003_001_max_C1,973,333,0.9358908534049988
101,RPE1wt_CEP63+CETN2+PCNT_1_003_001_max_C1,1497,330,0.9665279388427734
102,RPE1wt_CEP63+CETN2+PCNT_1_003_001_max_C1,1611,305,0.9495763778686523
103,RPE1wt_CEP63+CETN2+PCNT_1_003_001_max_C1,1358,262,0.9652984738349915
104,RPE1wt_CEP63+CETN2+PCNT_1_003_001_max_C1,35,157,0.5271331071853638
105,RPE1wt_CEP63+CETN2+PCNT_1_003_001_max_C1,879,104,0.9732118248939514
106,RPE1wt_CEP63+CETN2+PCNT_1_003_001_max_C1,595,72,0.9428812265396118
107,RPE1wt_CEP63+CETN2+PCNT_1_003_001_max_C1,1097,67,0.9443835616111755
108,RPE1wt_CEP63+CETN2+PCNT_1_003_001_max_C1,619,56,0.9518935680389404
109,RPE1wt_CEP63+CETN2+PCNT_1_003_001_max_C1,1247,38,0.8648875951766968
110,RPE1wt_CEP63+CETN2+PCNT_1_003_001_max_C1,1434,21,0.19003751873970032
111,RPE1wt_CEP63+CETN2+PCNT_1_000_000_max_C1,1241,2012,0.9505135416984558
112,RPE1wt_CEP63+CETN2+PCNT_1_000_000_max_C1,848,1954,0.9076821804046631
113,RPE1wt_CEP63+CETN2+PCNT_1_000_000_max_C1,1510,1883,0.83672696352005
114,RPE1wt_CEP63+CETN2+PCNT_1_000_000_max_C1,1505,1883,0.12383867800235748
115,RPE1wt_CEP63+CETN2+PCNT_1_000_000_max_C1,129,1876,0.9471042156219482
116,RPE1wt_CEP63+CETN2+PCNT_1_000_000_max_C1,1086,1852,0.9470166563987732
117,RPE1wt_CEP63+CETN2+PCNT_1_000_000_max_C1,825,1795,0.9360631704330444
118,RPE1wt_CEP63+CETN2+PCNT_1_000_000_max_C1,1893,1792,0.8661025166511536
119,RPE1wt_CEP63+CETN2+PCNT_1_000_000_max_C1,1892,1786,0.1411273032426834
120,RPE1wt_CEP63+CETN2+PCNT_1_000_000_max_C1,395,1640,0.9261346459388733
121,RPE1wt_CEP63+CETN2+PCNT_1_000_000_max_C1,1083,1598,0.954373300075531
122,RPE1wt_CEP63+CETN2+PCNT_1_000_000_max_C1,1647,1550,0.8448545336723328
123,RPE1wt_CEP63+CETN2+PCNT_1_000_000_max_C1,1647,1546,0.6138875484466553
124,RPE1wt_CEP63+CETN2+PCNT_1_000_000_max_C1,1647,1544,0.7113390564918518
125,RPE1wt_CEP63+CETN2+PCNT_1_000_000_max_C1,1391,1484,0.8840034008026123
126,RPE1wt_CEP63+CETN2+PCNT_1_000_000_max_C1,1389,1483,0.645013153553009
127,RPE1wt_CEP63+CETN2+PCNT_1_000_000_max_C1,616,1430,0.1297094225883484
128,RPE1wt_CEP63+CETN2+PCNT_1_000_000_max_C1,613,1430,0.8436443209648132
129,RPE1wt_CEP63+CETN2+PCNT_1_000_000_max_C1,1085,1381,0.7872158885002136
130,RPE1wt_CEP63+CETN2+PCNT_1_000_000_max_C1,1079,1379,0.8104549050331116
131,RPE1wt_CEP63+CETN2+PCNT_1_000_000_max_C1,1951,1300,0.750734806060791
132,RPE1wt_CEP63+CETN2+PCNT_1_000_000_max_C1,1956,1298,0.12703776359558105
133,RPE1wt_CEP63+CETN2+PCNT_1_000_000_max_C1,1555,1273,0.9470568299293518
134,RPE1wt_CEP63+CETN2+PCNT_1_000_000_max_C1,1340,1031,0.9581352472305298
135,RPE1wt_CEP63+CETN2+PCNT_1_000_000_max_C1,548,998,0.9174796342849731
136,RPE1wt_CEP63+CETN2+PCNT_1_000_000_max_C1,547,992,0.8129878044128418
137,RPE1wt_CEP63+CETN2+PCNT_1_000_000_max_C1,268,949,0.3305116295814514
138,RPE1wt_CEP63+CETN2+PCNT_1_000_000_max_C1,267,943,0.8678916692733765
139,RPE1wt_CEP63+CETN2+PCNT_1_000_000_max_C1,1376,926,0.8316351175308228
140,RPE1wt_CEP63+CETN2+PCNT_1_000_000_max_C1,1654,923,0.9316858649253845
141,RPE1wt_CEP63+CETN2+PCNT_1_000_000_max_C1,1071,920,0.9456686973571777
142,RPE1wt_CEP63+CETN2+PCNT_1_000_000_max_C1,1031,850,0.9690356254577637
143,RPE1wt_CEP63+CETN2+PCNT_1_000_000_max_C1,1770,819,0.9347464442253113
144,RPE1wt_CEP63+CETN2+PCNT_1_000_000_max_C1,632,499,0.25874510407447815
145,RPE1wt_CEP63+CETN2+PCNT_1_000_000_max_C1,626,499,0.8840888142585754
146,RPE1wt_CEP63+CETN2+PCNT_1_000_000_max_C1,1436,436,0.701083242893219
147,RPE1wt_CEP63+CETN2+PCNT_1_000_000_max_C1,1061,434,0.921441912651062
148,RPE1wt_CEP63+CETN2+PCNT_1_000_000_max_C1,1439,431,0.9287384152412415
149,RPE1wt_CEP63+CETN2+PCNT_1_000_000_max_C1,1811,416,0.80881667137146
150,RPE1wt_CEP63+CETN2+PCNT_1_000_000_max_C1,1808,410,0.30768242478370667
151,RPE1wt_CEP63+CETN2+PCNT_1_000_000_max_C1,1976,325,0.8316305875778198
152,RPE1wt_CEP63+CETN2+PCNT_1_000_000_max_C1,1983,317,0.759238064289093
153,RPE1wt_CEP63+CETN2+PCNT_1_000_000_max_C1,178,297,0.8128542304039001
154,RPE1wt_CEP63+CETN2+PCNT_1_000_000_max_C1,173,291,0.8859822750091553
155,RPE1wt_CEP63+CETN2+PCNT_1_000_000_max_C1,931,162,0.9553803205490112
156,RPE1wt_CEP63+CETN2+PCNT_1_000_000_max_C1,1300,67,0.8731406331062317
157,RPE1wt_CEP63+CETN2+PCNT_1_000_000_max_C1,1295,57,0.9099400639533997
158,RPE1wt_CEP63+CETN2+PCNT_1_000_000_max_C1,724,55,0.9506019949913025
159,RPE1wt_CEP63+CETN2+PCNT_1_004_003_max_C1,873,2008,0.890673041343689
160,RPE1wt_CEP63+CETN2+PCNT_1_004_003_max_C1,882,2003,0.4152166247367859
161,RPE1wt_CEP63+CETN2+PCNT_1_004_003_max_C1,847,1927,0.8532241582870483
162,RPE1wt_CEP63+CETN2+PCNT_1_004_003_max_C1,845,1921,0.44149351119995117
163,RPE1wt_CEP63+CETN2+PCNT_1_004_003_max_C1,1771,1880,0.2742280960083008
164,RPE1wt_CEP63+CETN2+PCNT_1_004_003_max_C1,1773,1871,0.9196590781211853
165,RPE1wt_CEP63+CETN2+PCNT_1_004_003_max_C1,510,1752,0.8553745746612549
166,RPE1wt_CEP63+CETN2+PCNT_1_004_003_max_C1,505,1741,0.9652529358863831
167,RPE1wt_CEP63+CETN2+PCNT_1_004_003_max_C1,1269,1724,0.9023642539978027
168,RPE1wt_CEP63+CETN2+PCNT_1_004_003_max_C1,1269,1716,0.9613211750984192
169,RPE1wt_CEP63+CETN2+PCNT_1_004_003_max_C1,1480,1471,0.9576663970947266
170,RPE1wt_CEP63+CETN2+PCNT_1_004_003_max_C1,1485,1463,0.92887282371521
171,RPE1wt_CEP63+CETN2+PCNT_1_004_003_max_C1,1980,1316,0.7214857339859009
172,RPE1wt_CEP63+CETN2+PCNT_1_004_003_max_C1,1976,1315,0.9075740575790405
173,RPE1wt_CEP63+CETN2+PCNT_1_004_003_max_C1,1216,1219,0.9620838165283203
174,RPE1wt_CEP63+CETN2+PCNT_1_004_003_max_C1,1434,1153,0.8906685709953308
175,RPE1wt_CEP63+CETN2+PCNT_1_004_003_max_C1,1283,1137,0.9139047265052795
176,RPE1wt_CEP63+CETN2+PCNT_1_004_003_max_C1,1302,891,0.9539893865585327
177,RPE1wt_CEP63+CETN2+PCNT_1_004_003_max_C1,957,852,0.9746937155723572
178,RPE1wt_CEP63+CETN2+PCNT_1_004_003_max_C1,416,769,0.8894977569580078
179,RPE1wt_CEP63+CETN2+PCNT_1_004_003_max_C1,418,767,0.2556278705596924
180,RPE1wt_CEP63+CETN2+PCNT_1_004_003_max_C1,1349,764,0.9276222586631775
181,RPE1wt_CEP63+CETN2+PCNT_1_004_003_max_C1,1231,753,0.7893967032432556
182,RPE1wt_CEP63+CETN2+PCNT_1_004_003_max_C1,902,738,0.9057801961898804
183,RPE1wt_CEP63+CETN2+PCNT_1_004_003_max_C1,905,731,0.3141568899154663
184,RPE1wt_CEP63+CETN2+PCNT_1_004_003_max_C1,1145,678,0.8754579424858093
185,RPE1wt_CEP63+CETN2+PCNT_1_004_003_max_C1,1288,638,0.8658093810081482
186,RPE1wt_CEP63+CETN2+PCNT_1_004_003_max_C1,1288,536,0.928625762462616
187,RPE1wt_CEP63+CETN2+PCNT_1_004_003_max_C1,670,494,0.9586683511734009
188,RPE1wt_CEP63+CETN2+PCNT_1_004_003_max_C1,1085,483,0.9404629468917847
189,RPE1wt_CEP63+CETN2+PCNT_1_004_003_max_C1,257,469,0.9270033240318298
190,RPE1wt_CEP63+CETN2+PCNT_1_004_003_max_C1,1765,421,0.8522396683692932
191,RPE1wt_CEP63+CETN2+PCNT_1_004_003_max_C1,1769,420,0.40255504846572876
192,RPE1wt_CEP63+CETN2+PCNT_1_004_003_max_C1,188,315,0.4985112249851227
193,RPE1wt_CEP63+CETN2+PCNT_1_004_003_max_C1,181,313,0.9008355736732483
194,RPE1wt_CEP63+CETN2+PCNT_1_004_003_max_C1,973,296,0.9643992781639099
195,RPE1wt_CEP63+CETN2+PCNT_1_004_003_max_C1,787,225,0.9484972953796387
196,RPE1wt_CEP63+CETN2+PCNT_1_004_003_max_C1,455,218,0.9208695888519287
197,RPE1wt_CEP63+CETN2+PCNT_1_004_003_max_C1,455,215,0.41497379541397095
198,RPE1wt_CEP63+CETN2+PCNT_1_004_003_max_C1,455,213,0.24525482952594757
199,RPE1wt_CEP63+CETN2+PCNT_1_004_003_max_C1,1483,193,0.506415069103241
200,RPE1wt_CEP63+CETN2+PCNT_1_004_003_max_C1,1482,191,0.23244121670722961
201,RPE1wt_CEP63+CETN2+PCNT_1_004_003_max_C1,1482,188,0.7755190134048462
202,RPE1wt_CEP63+CETN2+PCNT_1_004_003_max_C1,1847,114,0.15027858316898346
203,RPE1wt_CEP63+CETN2+PCNT_1_004_003_max_C1,1843,108,0.8727740049362183
204,RPE1wt_CEP63+CETN2+PCNT_1_004_003_max_C1,1294,16,0.9521679282188416
205,RPE1wt_CEP63+CETN2+PCNT_1_002_001_max_C1,1152,1971,0.9184809923171997
206,RPE1wt_CEP63+CETN2+PCNT_1_002_001_max_C1,939,1917,0.9632265567779541
207,RPE1wt_CEP63+CETN2+PCNT_1_002_001_max_C1,964,1913,0.5297165513038635
208,RPE1wt_CEP63+CETN2+PCNT_1_002_001_max_C1,970,1912,0.11571624130010605
209,RPE1wt_CEP63+CETN2+PCNT_1_002_001_max_C1,94,1757,0.8169516921043396
210,RPE1wt_CEP63+CETN2+PCNT_1_002_001_max_C1,452,1737,0.9211041927337646
211,RPE1wt_CEP63+CETN2+PCNT_1_002_001_max_C1,766,1726,0.11040379106998444
212,RPE1wt_CEP63+CETN2+PCNT_1_002_001_max_C1,761,1724,0.8804427981376648
213,RPE1wt_CEP63+CETN2+PCNT_1_002_001_max_C1,1970,1706,0.914496123790741
214,RPE1wt_CEP63+CETN2+PCNT_1_002_001_max_C1,1303,1685,0.8120629787445068
215,RPE1wt_CEP63+CETN2+PCNT_1_002_001_max_C1,1302,1678,0.7440481185913086
216,RPE1wt_CEP63+CETN2+PCNT_1_002_001_max_C1,1696,1653,0.7574989795684814
217,RPE1wt_CEP63+CETN2+PCNT_1_002_001_max_C1,1686,1644,0.8988770246505737
218,RPE1wt_CEP63+CETN2+PCNT_1_002_001_max_C1,270,1615,0.879970908164978
219,RPE1wt_CEP63+CETN2+PCNT_1_002_001_max_C1,1106,1369,0.8091685771942139
220,RPE1wt_CEP63+CETN2+PCNT_1_002_001_max_C1,81,1365,0.9607883095741272
221,RPE1wt_CEP63+CETN2+PCNT_1_002_001_max_C1,1107,1361,0.9515663385391235
222,RPE1wt_CEP63+CETN2+PCNT_1_002_001_max_C1,1416,1345,0.8988731503486633
223,RPE1wt_CEP63+CETN2+PCNT_1_002_001_max_C1,1415,1339,0.5181484222412109
224,RPE1wt_CEP63+CETN2+PCNT_1_002_001_max_C1,1924,1322,0.9339442849159241
225,RPE1wt_CEP63+CETN2+PCNT_1_002_001_max_C1,660,1319,0.3148461580276489
226,RPE1wt_CEP63+CETN2+PCNT_1_002_001_max_C1,654,1316,0.8899325132369995
227,RPE1wt_CEP63+CETN2+PCNT_1_002_001_max_C1,332,1299,0.5369711518287659
228,RPE1wt_CEP63+CETN2+PCNT_1_002_001_max_C1,330,1298,0.3856896460056305
229,RPE1wt_CEP63+CETN2+PCNT_1_002_001_max_C1,328,1298,0.3305116295814514
230,RPE1wt_CEP63+CETN2+PCNT_1_002_001_max_C1,1845,1285,0.9237049221992493
231,RPE1wt_CEP63+CETN2+PCNT_1_002_001_max_C1,863,1198,0.8548307418823242
232,RPE1wt_CEP63+CETN2+PCNT_1_002_001_max_C1,459,1113,0.8789317607879639
233,RPE1wt_CEP63+CETN2+PCNT_1_002_001_max_C1,1302,1083,0.8193896412849426
234,RPE1wt_CEP63+CETN2+PCNT_1_002_001_max_C1,1300,1081,0.8827163577079773
235,RPE1wt_CEP63+CETN2+PCNT_1_002_001_max_C1,1003,1048,0.9524336457252502
236,RPE1wt_CEP63+CETN2+PCNT_1_002_001_max_C1,1998,970,0.8678527474403381
237,RPE1wt_CEP63+CETN2+PCNT_1_002_001_max_C1,167,964,0.8631656169891357
238,RPE1wt_CEP63+CETN2+PCNT_1_002_001_max_C1,2013,958,0.9419989585876465
239,RPE1wt_CEP63+CETN2+PCNT_1_002_001_max_C1,1685,945,0.8717907667160034
240,RPE1wt_CEP63+CETN2+PCNT_1_002_001_max_C1,1162,916,0.6679566502571106
241,RPE1wt_CEP63+CETN2+PCNT_1_002_001_max_C1,1162,912,0.39440783858299255
242,RPE1wt_CEP63+CETN2+PCNT_1_002_001_max_C1,1771,891,0.9376655220985413
243,RPE1wt_CEP63+CETN2+PCNT_1_002_001_max_C1,440,812,0.9664046764373779
244,RPE1wt_CEP63+CETN2+PCNT_1_002_001_max_C1,1473,789,0.10244864970445633
245,RPE1wt_CEP63+CETN2+PCNT_1_002_001_max_C1,1468,782,0.9039203524589539
246,RPE1wt_CEP63+CETN2+PCNT_1_002_001_max_C1,1474,781,0.1788019835948944
247,RPE1wt_CEP63+CETN2+PCNT_1_002_001_max_C1,410,721,0.9334890246391296
248,RPE1wt_CEP63+CETN2+PCNT_1_002_001_max_C1,832,700,0.89113450050354
249,RPE1wt_CEP63+CETN2+PCNT_1_002_001_max_C1,1782,489,0.3305116295814514
250,RPE1wt_CEP63+CETN2+PCNT_1_002_001_max_C1,1776,486,0.9161749482154846
251,RPE1wt_CEP63+CETN2+PCNT_1_002_001_max_C1,1240,439,0.10697353631258011
252,RPE1wt_CEP63+CETN2+PCNT_1_002_001_max_C1,1235,437,0.8409681916236877
253,RPE1wt_CEP63+CETN2+PCNT_1_002_001_max_C1,84,428,0.9577444791793823
254,RPE1wt_CEP63+CETN2+PCNT_1_002_001_max_C1,91,413,0.9237578511238098
255,RPE1wt_CEP63+CETN2+PCNT_1_002_001_max_C1,461,363,0.8784382343292236
256,RPE1wt_CEP63+CETN2+PCNT_1_002_001_max_C1,461,359,0.20066294074058533
257,RPE1wt_CEP63+CETN2+PCNT_1_002_001_max_C1,1027,358,0.9003118276596069
258,RPE1wt_CEP63+CETN2+PCNT_1_002_001_max_C1,1450,349,0.9324658513069153
259,RPE1wt_CEP63+CETN2+PCNT_1_002_001_max_C1,1442,346,0.8477100729942322
260,RPE1wt_CEP63+CETN2+PCNT_1_002_001_max_C1,717,247,0.9141753911972046
261,RPE1wt_CEP63+CETN2+PCNT_1_002_001_max_C1,720,244,0.11929800361394882
262,RPE1wt_CEP63+CETN2+PCNT_1_002_001_max_C1,1217,66,0.8629613518714905
263,RPE1wt_CEP63+CETN2+PCNT_1_002_001_max_C1,1675,40,0.7493452429771423
264,RPE1wt_CEP63+CETN2+PCNT_1_002_001_max_C1,1680,36,0.9326972365379333
265,RPE1wt_CEP63+CETN2+PCNT_1_001_004_max_C1,87,1921,0.5944957733154297
266,RPE1wt_CEP63+CETN2+PCNT_1_001_004_max_C1,82,1915,0.8916618227958679
267,RPE1wt_CEP63+CETN2+PCNT_1_001_004_max_C1,643,1891,0.9089453816413879
268,RPE1wt_CEP63+CETN2+PCNT_1_001_004_max_C1,647,1887,0.24417433142662048
269,RPE1wt_CEP63+CETN2+PCNT_1_001_004_max_C1,1368,1856,0.8878591060638428
270,RPE1wt_CEP63+CETN2+PCNT_1_001_004_max_C1,1353,1852,0.9226966500282288
271,RPE1wt_CEP63+CETN2+PCNT_1_001_004_max_C1,1708,1631,0.8286312818527222
272,RPE1wt_CEP63+CETN2+PCNT_1_001_004_max_C1,56,1611,0.7172859907150269
273,RPE1wt_CEP63+CETN2+PCNT_1_001_004_max_C1,54,1604,0.9288781881332397
274,RPE1wt_CEP63+CETN2+PCNT_1_001_004_max_C1,452,1581,0.758424699306488
275,RPE1wt_CEP63+CETN2+PCNT_1_001_004_max_C1,451,1572,0.8734673857688904
276,RPE1wt_CEP63+CETN2+PCNT_1_001_004_max_C1,1360,1564,0.8692636489868164
277,RPE1wt_CEP63+CETN2+PCNT_1_001_004_max_C1,943,1548,0.8754851222038269
278,RPE1wt_CEP63+CETN2+PCNT_1_001_004_max_C1,892,1499,0.9345315098762512
279,RPE1wt_CEP63+CETN2+PCNT_1_001_004_max_C1,1849,1363,0.923906683921814
280,RPE1wt_CEP63+CETN2+PCNT_1_001_004_max_C1,1852,1357,0.9423449635505676
281,RPE1wt_CEP63+CETN2+PCNT_1_001_004_max_C1,49,1248,0.9772146344184875
282,RPE1wt_CEP63+CETN2+PCNT_1_001_004_max_C1,89,1242,0.9752146005630493
283,RPE1wt_CEP63+CETN2+PCNT_1_001_004_max_C1,1106,1212,0.8854430913925171
284,RPE1wt_CEP63+CETN2+PCNT_1_001_004_max_C1,1103,1206,0.8653748631477356
285,RPE1wt_CEP63+CETN2+PCNT_1_001_004_max_C1,1451,1140,0.22355711460113525
286,RPE1wt_CEP63+CETN2+PCNT_1_001_004_max_C1,583,1137,0.2955597937107086
287,RPE1wt_CEP63+CETN2+PCNT_1_001_004_max_C1,576,1135,0.8943189382553101
288,RPE1wt_CEP63+CETN2+PCNT_1_001_004_max_C1,1446,1134,0.9340444207191467
289,RPE1wt_CEP63+CETN2+PCNT_1_001_004_max_C1,1756,1071,0.9548686742782593
290,RPE1wt_CEP63+CETN2+PCNT_1_001_004_max_C1,1763,1065,0.5840888619422913
291,RPE1wt_CEP63+CETN2+PCNT_1_001_004_max_C1,1263,1034,0.9716644883155823
292,RPE1wt_CEP63+CETN2+PCNT_1_001_004_max_C1,951,1026,0.9258740544319153
293,RPE1wt_CEP63+CETN2+PCNT_1_001_004_max_C1,1272,1001,0.9468512535095215
294,RPE1wt_CEP63+CETN2+PCNT_1_001_004_max_C1,1549,953,0.9385626316070557
295,RPE1wt_CEP63+CETN2+PCNT_1_001_004_max_C1,208,949,0.8269092440605164
296,RPE1wt_CEP63+CETN2+PCNT_1_001_004_max_C1,256,934,0.9817713499069214
297,RPE1wt_CEP63+CETN2+PCNT_1_001_004_max_C1,325,860,0.8847784996032715
298,RPE1wt_CEP63+CETN2+PCNT_1_001_004_max_C1,742,839,0.8449705243110657
299,RPE1wt_CEP63+CETN2+PCNT_1_001_004_max_C1,742,835,0.9153648018836975
300,RPE1wt_CEP63+CETN2+PCNT_1_001_004_max_C1,1656,788,0.945167601108551
301,RPE1wt_CEP63+CETN2+PCNT_1_001_004_max_C1,698,786,0.8647298216819763
302,RPE1wt_CEP63+CETN2+PCNT_1_001_004_max_C1,690,785,0.2912065088748932
303,RPE1wt_CEP63+CETN2+PCNT_1_001_004_max_C1,1401,773,0.6854236721992493
304,RPE1wt_CEP63+CETN2+PCNT_1_001_004_max_C1,1404,768,0.7754442095756531
305,RPE1wt_CEP63+CETN2+PCNT_1_001_004_max_C1,1586,690,0.8796429634094238
306,RPE1wt_CEP63+CETN2+PCNT_1_001_004_max_C1,1584,688,0.8247689008712769
307,RPE1wt_CEP63+CETN2+PCNT_1_001_004_max_C1,944,685,0.9461561441421509
308,RPE1wt_CEP63+CETN2+PCNT_1_001_004_max_C1,493,623,0.8711887001991272
309,RPE1wt_CEP63+CETN2+PCNT_1_001_004_max_C1,487,621,0.9212413430213928
310,RPE1wt_CEP63+CETN2+PCNT_1_001_004_max_C1,22,619,0.844415545463562
311,RPE1wt_CEP63+CETN2+PCNT_1_001_004_max_C1,18,612,0.9659371972084045
312,RPE1wt_CEP63+CETN2+PCNT_1_001_004_max_C1,1357,453,0.13580060005187988
313,RPE1wt_CEP63+CETN2+PCNT_1_001_004_max_C1,1351,453,0.9149600267410278
314,RPE1wt_CEP63+CETN2+PCNT_1_001_004_max_C1,956,400,0.5562949776649475
315,RPE1wt_CEP63+CETN2+PCNT_1_001_004_max_C1,952,395,0.9370465874671936
316,RPE1wt_CEP63+CETN2+PCNT_1_001_004_max_C1,1717,371,0.13824181258678436
317,RPE1wt_CEP63+CETN2+PCNT_1_001_004_max_C1,1720,366,0.8763794898986816
318,RPE1wt_CEP63+CETN2+PCNT_1_001_004_max_C1,1827,99,0.9491087794303894
319,RPE1wt_CEP63+CETN2+PCNT_1_002_003_max_C1,859,2029,0.11071936786174774
320,RPE1wt_CEP63+CETN2+PCNT_1_002_003_max_C1,854,2029,0.8669975399971008
321,RPE1wt_CEP63+CETN2+PCNT_1_002_003_max_C1,1698,2004,0.6536383032798767
322,RPE1wt_CEP63+CETN2+PCNT_1_002_003_max_C1,1697,2001,0.9046977162361145
323,RPE1wt_CEP63+CETN2+PCNT_1_002_003_max_C1,29,1901,0.8702181577682495
324,RPE1wt_CEP63+CETN2+PCNT_1_002_003_max_C1,26,1898,0.2559479773044586
325,RPE1wt_CEP63+CETN2+PCNT_1_002_003_max_C1,24,1897,0.5469220876693726
326,RPE1wt_CEP63+CETN2+PCNT_1_002_003_max_C1,1441,1841,0.6189677119255066
327,RPE1wt_CEP63+CETN2+PCNT_1_002_003_max_C1,1447,1839,0.7746195793151855
328,RPE1wt_CEP63+CETN2+PCNT_1_002_003_max_C1,437,1791,0.3305116295814514
329,RPE1wt_CEP63+CETN2+PCNT_1_002_003_max_C1,434,1786,0.9307253360748291
330,RPE1wt_CEP63+CETN2+PCNT_1_002_003_max_C1,1002,1766,0.8472266793251038
331,RPE1wt_CEP63+CETN2+PCNT_1_002_003_max_C1,1016,1759,0.8558169007301331
332,RPE1wt_CEP63+CETN2+PCNT_1_002_003_max_C1,1153,1689,0.6457103490829468
333,RPE1wt_CEP63+CETN2+PCNT_1_002_003_max_C1,1152,1686,0.8735057711601257
334,RPE1wt_CEP63+CETN2+PCNT_1_002_003_max_C1,1713,1637,0.8159623742103577
335,RPE1wt_CEP63+CETN2+PCNT_1_002_003_max_C1,1709,1635,0.11061307787895203
336,RPE1wt_CEP63+CETN2+PCNT_1_002_003_max_C1,701,1535,0.9715685248374939
337,RPE1wt_CEP63+CETN2+PCNT_1_002_003_max_C1,279,1390,0.7248961925506592
338,RPE1wt_CEP63+CETN2+PCNT_1_002_003_max_C1,282,1385,0.9753355979919434
339,RPE1wt_CEP63+CETN2+PCNT_1_002_003_max_C1,749,1276,0.66256183385849
340,RPE1wt_CEP63+CETN2+PCNT_1_002_003_max_C1,744,1269,0.9269208908081055
341,RPE1wt_CEP63+CETN2+PCNT_1_002_003_max_C1,621,1066,0.8671688437461853
342,RPE1wt_CEP63+CETN2+PCNT_1_002_003_max_C1,625,1064,0.9029921293258667
343,RPE1wt_CEP63+CETN2+PCNT_1_002_003_max_C1,303,1052,0.9429154992103577
344,RPE1wt_CEP63+CETN2+PCNT_1_002_003_max_C1,182,726,0.9239909648895264
345,RPE1wt_CEP63+CETN2+PCNT_1_002_003_max_C1,611,637,0.9114815592765808
346,RPE1wt_CEP63+CETN2+PCNT_1_002_003_max_C1,611,635,0.9006586074829102
347,RPE1wt_CEP63+CETN2+PCNT_1_002_003_max_C1,160,497,0.8793277144432068
348,RPE1wt_CEP63+CETN2+PCNT_1_002_003_max_C1,158,488,0.8597841858863831
349,RPE1wt_CEP63+CETN2+PCNT_1_002_003_max_C1,683,359,0.9327272176742554
350,RPE1wt_CEP63+CETN2+PCNT_1_002_003_max_C1,684,356,0.7943555116653442
351,RPE1wt_CEP63+CETN2+PCNT_1_002_003_max_C1,684,354,0.8092370629310608
352,RPE1wt_CEP63+CETN2+PCNT_1_002_003_max_C1,832,22,0.16415879130363464
353,RPE1wt_CEP63+CETN2+PCNT_1_002_003_max_C1,827,19,0.8863233923912048
354,RPE1wt_CEP63+CETN2+PCNT_1_000_001_max_C1,285,2033,0.9176427125930786
355,RPE1wt_CEP63+CETN2+PCNT_1_000_001_max_C1,1108,1915,0.8838222622871399
356,RPE1wt_CEP63+CETN2+PCNT_1_000_001_max_C1,1105,1908,0.5366130471229553
357,RPE1wt_CEP63+CETN2+PCNT_1_000_001_max_C1,1771,1733,0.9026898145675659
358,RPE1wt_CEP63+CETN2+PCNT_1_000_001_max_C1,1771,1727,0.11615825444459915
359,RPE1wt_CEP63+CETN2+PCNT_1_000_001_max_C1,555,1629,0.45953312516212463
360,RPE1wt_CEP63+CETN2+PCNT_1_000_001_max_C1,549,1627,0.9531201720237732
361,RPE1wt_CEP63+CETN2+PCNT_1_000_001_max_C1,908,1573,0.9567506313323975
362,RPE1wt_CEP63+CETN2+PCNT_1_000_001_max_C1,904,1569,0.10814788192510605
363,RPE1wt_CEP63+CETN2+PCNT_1_000_001_max_C1,374,1206,0.294655978679657
364,RPE1wt_CEP63+CETN2+PCNT_1_000_001_max_C1,375,1204,0.12878432869911194
365,RPE1wt_CEP63+CETN2+PCNT_1_000_001_max_C1,374,1202,0.8843259215354919
366,RPE1wt_CEP63+CETN2+PCNT_1_000_001_max_C1,1267,902,0.9513317942619324
367,RPE1wt_CEP63+CETN2+PCNT_1_000_001_max_C1,1275,901,0.8639194965362549
368,RPE1wt_CEP63+CETN2+PCNT_1_000_001_max_C1,506,851,0.10689295083284378
369,RPE1wt_CEP63+CETN2+PCNT_1_000_001_max_C1,504,845,0.9210212230682373
370,RPE1wt_CEP63+CETN2+PCNT_1_000_001_max_C1,960,784,0.1372898519039154
371,RPE1wt_CEP63+CETN2+PCNT_1_000_001_max_C1,956,778,0.9448379874229431
372,RPE1wt_CEP63+CETN2+PCNT_1_000_001_max_C1,405,522,0.9539722204208374
373,RPE1wt_CEP63+CETN2+PCNT_1_000_001_max_C1,540,509,0.9207937717437744
374,RPE1wt_CEP63+CETN2+PCNT_1_000_001_max_C1,914,502,0.184456929564476
375,RPE1wt_CEP63+CETN2+PCNT_1_000_001_max_C1,908,499,0.9657121300697327
376,RPE1wt_CEP63+CETN2+PCNT_1_000_001_max_C1,1863,241,0.95656418800354
377,RPE1wt_CEP63+CETN2+PCNT_1_000_001_max_C1,1396,239,0.7231549024581909
378,RPE1wt_CEP63+CETN2+PCNT_1_000_001_max_C1,1397,232,0.9283599853515625
379,RPE1wt_CEP63+CETN2+PCNT_1_000_001_max_C1,1054,224,0.9560034275054932
380,RPE1wt_CEP63+CETN2+PCNT_1_000_001_max_C1,1062,221,0.49545371532440186
381,RPE1wt_CEP63+CETN2+PCNT_1_000_001_max_C1,1728,201,0.657159686088562
382,RPE1wt_CEP63+CETN2+PCNT_1_000_001_max_C1,1724,200,0.13623805344104767
383,RPE1wt_CEP63+CETN2+PCNT_1_000_001_max_C1,229,185,0.8059717416763306
384,RPE1wt_CEP63+CETN2+PCNT_1_000_001_max_C1,488,83,0.8123845458030701
385,RPE1wt_CEP63+CETN2+PCNT_1_000_001_max_C1,484,80,0.13745325803756714
386,RPE1wt_CEP63+CETN2+PCNT_1_000_001_max_C1,709,66,0.6241735816001892
387,RPE1wt_CEP63+CETN2+PCNT_1_000_001_max_C1,706,63,0.6939365267753601
388,RPE1wt_CEP63+CETN2+PCNT_1_000_001_max_C1,704,61,0.8267859220504761
389,RPE1wt_CEP63+CETN2+PCNT_1_004_002_max_C1,880,2036,0.8467481732368469
390,RPE1wt_CEP63+CETN2+PCNT_1_004_002_max_C1,438,2010,0.9661842584609985
391,RPE1wt_CEP63+CETN2+PCNT_1_004_002_max_C1,6,1972,0.9038559794425964
392,RPE1wt_CEP63+CETN2+PCNT_1_004_002_max_C1,1741,1970,0.9583194255828857
393,RPE1wt_CEP63+CETN2+PCNT_1_004_002_max_C1,186,1963,0.8895751237869263
394,RPE1wt_CEP63+CETN2+PCNT_1_004_002_max_C1,607,1866,0.9093418121337891
395,RPE1wt_CEP63+CETN2+PCNT_1_004_002_max_C1,605,1860,0.3305116295814514
396,RPE1wt_CEP63+CETN2+PCNT_1_004_002_max_C1,1487,1795,0.9610370397567749
397,RPE1wt_CEP63+CETN2+PCNT_1_004_002_max_C1,1215,1795,0.7961320877075195
398,RPE1wt_CEP63+CETN2+PCNT_1_004_002_max_C1,1209,1788,0.6485481262207031
399,RPE1wt_CEP63+CETN2+PCNT_1_004_002_max_C1,825,1714,0.7756730914115906
400,RPE1wt_CEP63+CETN2+PCNT_1_004_002_max_C1,831,1711,0.19606120884418488
401,RPE1wt_CEP63+CETN2+PCNT_1_004_002_max_C1,97,1691,0.9532585144042969
402,RPE1wt_CEP63+CETN2+PCNT_1_004_002_max_C1,1639,1640,0.8294480443000793
403,RPE1wt_CEP63+CETN2+PCNT_1_004_002_max_C1,1635,1639,0.6109910607337952
404,RPE1wt_CEP63+CETN2+PCNT_1_004_002_max_C1,149,1636,0.821226179599762
405,RPE1wt_CEP63+CETN2+PCNT_1_004_002_max_C1,141,1634,0.11779098212718964
406,RPE1wt_CEP63+CETN2+PCNT_1_004_002_max_C1,101,1542,0.9505215287208557
407,RPE1wt_CEP63+CETN2+PCNT_1_004_002_max_C1,1934,1531,0.929391086101532
408,RPE1wt_CEP63+CETN2+PCNT_1_004_002_max_C1,1405,1501,0.9507671594619751
409,RPE1wt_CEP63+CETN2+PCNT_1_004_002_max_C1,1028,1494,0.8580887913703918
410,RPE1wt_CEP63+CETN2+PCNT_1_004_002_max_C1,1028,1491,0.11675550043582916
411,RPE1wt_CEP63+CETN2+PCNT_1_004_002_max_C1,1027,1488,0.2918210029602051
412,RPE1wt_CEP63+CETN2+PCNT_1_004_002_max_C1,453,1456,0.9169571399688721
413,RPE1wt_CEP63+CETN2+PCNT_1_004_002_max_C1,454,1452,0.1042441576719284
414,RPE1wt_CEP63+CETN2+PCNT_1_004_002_max_C1,454,1450,0.640938401222229
415,RPE1wt_CEP63+CETN2+PCNT_1_004_002_max_C1,371,1106,0.9385057091712952
416,RPE1wt_CEP63+CETN2+PCNT_1_004_002_max_C1,375,1103,0.1944998800754547
417,RPE1wt_CEP63+CETN2+PCNT_1_004_002_max_C1,1094,1057,0.8602739572525024
418,RPE1wt_CEP63+CETN2+PCNT_1_004_002_max_C1,1158,958,0.9401408433914185
419,RPE1wt_CEP63+CETN2+PCNT_1_004_002_max_C1,182,906,0.7840381860733032
420,RPE1wt_CEP63+CETN2+PCNT_1_004_002_max_C1,177,905,0.8626293540000916
421,RPE1wt_CEP63+CETN2+PCNT_1_004_002_max_C1,1102,871,0.9538662433624268
422,RPE1wt_CEP63+CETN2+PCNT_1_004_002_max_C1,1920,510,0.9735395908355713
423,RPE1wt_CEP63+CETN2+PCNT_1_004_002_max_C1,1730,361,0.9268132448196411
424,RPE1wt_CEP63+CETN2+PCNT_1_004_002_max_C1,1945,117,0.9351767301559448
425,RPE1wt_CEP63+CETN2+PCNT_1_004_002_max_C1,284,23,0.10521624237298965
426,RPE1wt_CEP63+CETN2+PCNT_1_004_002_max_C1,290,21,0.9320730566978455
427,RPE1wt_CEP63+CETN2+PCNT_1_001_000_max_C1,26,1932,0.9095510244369507
428,RPE1wt_CEP63+CETN2+PCNT_1_001_000_max_C1,34,1930,0.8174681663513184
429,RPE1wt_CEP63+CETN2+PCNT_1_001_000_max_C1,1904,1906,0.8885684013366699
430,RPE1wt_CEP63+CETN2+PCNT_1_001_000_max_C1,1902,1899,0.6025992631912231
431,RPE1wt_CEP63+CETN2+PCNT_1_001_000_max_C1,852,1801,0.9758394956588745
432,RPE1wt_CEP63+CETN2+PCNT_1_001_000_max_C1,845,1795,0.93858402967453
433,RPE1wt_CEP63+CETN2+PCNT_1_001_000_max_C1,510,1522,0.5203408002853394
434,RPE1wt_CEP63+CETN2+PCNT_1_001_000_max_C1,511,1520,0.26882457733154297
435,RPE1wt_CEP63+CETN2+PCNT_1_001_000_max_C1,511,1517,0.7690743803977966
436,RPE1wt_CEP63+CETN2+PCNT_1_001_000_max_C1,1793,1478,0.8680186867713928
437,RPE1wt_CEP63+CETN2+PCNT_1_001_000_max_C1,1793,1475,0.5745928883552551
438,RPE1wt_CEP63+CETN2+PCNT_1_001_000_max_C1,1793,1472,0.548483669757843
439,RPE1wt_CEP63+CETN2+PCNT_1_001_000_max_C1,1366,1430,0.6748417615890503
440,RPE1wt_CEP63+CETN2+PCNT_1_001_000_max_C1,1362,1430,0.5155187845230103
441,RPE1wt_CEP63+CETN2+PCNT_1_001_000_max_C1,936,1365,0.9724894165992737
442,RPE1wt_CEP63+CETN2+PCNT_1_001_000_max_C1,942,1363,0.29989272356033325
443,RPE1wt_CEP63+CETN2+PCNT_1_001_000_max_C1,347,1266,0.9558051824569702
444,RPE1wt_CEP63+CETN2+PCNT_1_001_000_max_C1,341,1264,0.30030378699302673
445,RPE1wt_CEP63+CETN2+PCNT_1_001_000_max_C1,1377,1076,0.9104641675949097
446,RPE1wt_CEP63+CETN2+PCNT_1_001_000_max_C1,504,1035,0.2441600263118744
447,RPE1wt_CEP63+CETN2+PCNT_1_001_000_max_C1,1694,997,0.9516237378120422
448,RPE1wt_CEP63+CETN2+PCNT_1_001_000_max_C1,1689,989,0.7403129935264587
449,RPE1wt_CEP63+CETN2+PCNT_1_001_000_max_C1,899,987,0.29265296459198
450,RPE1wt_CEP63+CETN2+PCNT_1_001_000_max_C1,905,982,0.9558315277099609
451,RPE1wt_CEP63+CETN2+PCNT_1_001_000_max_C1,360,970,0.9625420570373535
452,RPE1wt_CEP63+CETN2+PCNT_1_001_000_max_C1,366,966,0.3129824697971344
453,RPE1wt_CEP63+CETN2+PCNT_1_001_000_max_C1,161,735,0.9200378656387329
454,RPE1wt_CEP63+CETN2+PCNT_1_001_000_max_C1,1250,726,0.3305116295814514
455,RPE1wt_CEP63+CETN2+PCNT_1_001_000_max_C1,1256,724,0.90237957239151
456,RPE1wt_CEP63+CETN2+PCNT_1_001_000_max_C1,203,723,0.9344931840896606
457,RPE1wt_CEP63+CETN2+PCNT_1_001_000_max_C1,1185,627,0.1037876084446907
458,RPE1wt_CEP63+CETN2+PCNT_1_001_000_max_C1,596,573,0.8656740784645081
459,RPE1wt_CEP63+CETN2+PCNT_1_001_000_max_C1,595,566,0.9270862936973572
460,RPE1wt_CEP63+CETN2+PCNT_1_001_000_max_C1,1816,556,0.6973042488098145
461,RPE1wt_CEP63+CETN2+PCNT_1_001_000_max_C1,1813,555,0.8613035082817078
462,RPE1wt_CEP63+CETN2+PCNT_1_001_000_max_C1,1336,401,0.29301947355270386
463,RPE1wt_CEP63+CETN2+PCNT_1_001_000_max_C1,1341,398,0.8984920978546143
464,RPE1wt_CEP63+CETN2+PCNT_1_001_000_max_C1,308,246,0.2179279923439026
465,RPE1wt_CEP63+CETN2+PCNT_1_001_000_max_C1,306,244,0.6750353574752808
466,RPE1wt_CEP63+CETN2+PCNT_1_001_000_max_C1,304,242,0.8286449313163757
467,RPE1wt_CEP63+CETN2+PCNT_1_001_000_max_C1,1772,206,0.9440023899078369
468,RPE1wt_CEP63+CETN2+PCNT_1_001_000_max_C1,958,188,0.3305116295814514
469,RPE1wt_CEP63+CETN2+PCNT_1_001_000_max_C1,888,149,0.19846180081367493
470,RPE1wt_CEP63+CETN2+PCNT_1_001_000_max_C1,892,146,0.8596431612968445
471,RPE1wt_CEP63+CETN2+PCNT_1_001_000_max_C1,1317,75,0.7418085336685181
472,RPE1wt_CEP63+CETN2+PCNT_1_001_000_max_C1,1312,71,0.9023033976554871
473,RPE1wt_CEP63+CETN2+PCNT_1_000_002_max_C1,937,2046,0.19127926230430603
474,RPE1wt_CEP63+CETN2+PCNT_1_000_002_max_C1,939,2041,0.1252853274345398
475,RPE1wt_CEP63+CETN2+PCNT_1_000_002_max_C1,1543,2038,0.10770265012979507
476,RPE1wt_CEP63+CETN2+PCNT_1_000_002_max_C1,1546,2034,0.7392203211784363
477,RPE1wt_CEP63+CETN2+PCNT_1_000_002_max_C1,1756,2027,0.9335728883743286
478,RPE1wt_CEP63+CETN2+PCNT_1_000_002_max_C1,1248,2017,0.7511361837387085
479,RPE1wt_CEP63+CETN2+PCNT_1_000_002_max_C1,589,1990,0.9531480073928833
480,RPE1wt_CEP63+CETN2+PCNT_1_000_002_max_C1,1648,1925,0.7898642420768738
481,RPE1wt_CEP63+CETN2+PCNT_1_000_002_max_C1,17,1818,0.43507120013237
482,RPE1wt_CEP63+CETN2+PCNT_1_000_002_max_C1,14,1815,0.7088333964347839
483,RPE1wt_CEP63+CETN2+PCNT_1_000_002_max_C1,270,1801,0.8225414752960205
484,RPE1wt_CEP63+CETN2+PCNT_1_000_002_max_C1,700,1783,0.8111594319343567
485,RPE1wt_CEP63+CETN2+PCNT_1_000_002_max_C1,691,1764,0.9252411127090454
486,RPE1wt_CEP63+CETN2+PCNT_1_000_002_max_C1,1299,1572,0.9281533360481262
487,RPE1wt_CEP63+CETN2+PCNT_1_000_002_max_C1,957,1548,0.926517128944397
488,RPE1wt_CEP63+CETN2+PCNT_1_000_002_max_C1,370,1521,0.9558277130126953
489,RPE1wt_CEP63+CETN2+PCNT_1_000_002_max_C1,1756,1485,0.7427749633789062
490,RPE1wt_CEP63+CETN2+PCNT_1_000_002_max_C1,1763,1480,0.944789469242096
491,RPE1wt_CEP63+CETN2+PCNT_1_000_002_max_C1,981,1433,0.8884397149085999
492,RPE1wt_CEP63+CETN2+PCNT_1_000_002_max_C1,538,1325,0.9552834630012512
493,RPE1wt_CEP63+CETN2+PCNT_1_000_002_max_C1,544,1322,0.22808170318603516
494,RPE1wt_CEP63+CETN2+PCNT_1_000_002_max_C1,779,1219,0.6452326774597168
495,RPE1wt_CEP63+CETN2+PCNT_1_000_002_max_C1,777,1213,0.9181023240089417
496,RPE1wt_CEP63+CETN2+PCNT_1_000_002_max_C1,353,1209,0.939556360244751
497,RPE1wt_CEP63+CETN2+PCNT_1_000_002_max_C1,1906,1208,0.9613112807273865
498,RPE1wt_CEP63+CETN2+PCNT_1_000_002_max_C1,1484,1142,0.7769511342048645
499,RPE1wt_CEP63+CETN2+PCNT_1_000_002_max_C1,1696,1132,0.7883498668670654
500,RPE1wt_CEP63+CETN2+PCNT_1_000_002_max_C1,1698,1122,0.8953337073326111
501,RPE1wt_CEP63+CETN2+PCNT_1_000_002_max_C1,1132,1016,0.8977768421173096
502,RPE1wt_CEP63+CETN2+PCNT_1_000_002_max_C1,1936,984,0.806958019733429
503,RPE1wt_CEP63+CETN2+PCNT_1_000_002_max_C1,1935,980,0.29146695137023926
504,RPE1wt_CEP63+CETN2+PCNT_1_000_002_max_C1,1024,926,0.9067663550376892
505,RPE1wt_CEP63+CETN2+PCNT_1_000_002_max_C1,875,896,0.11855421960353851
506,RPE1wt_CEP63+CETN2+PCNT_1_000_002_max_C1,871,893,0.8708716630935669
507,RPE1wt_CEP63+CETN2+PCNT_1_000_002_max_C1,1946,880,0.9082263112068176
508,RPE1wt_CEP63+CETN2+PCNT_1_000_002_max_C1,1940,877,0.598227322101593
509,RPE1wt_CEP63+CETN2+PCNT_1_000_002_max_C1,532,845,0.13479027152061462
510,RPE1wt_CEP63+CETN2+PCNT_1_000_002_max_C1,537,841,0.9040942788124084
511,RPE1wt_CEP63+CETN2+PCNT_1_000_002_max_C1,1386,720,0.9782005548477173
512,RPE1wt_CEP63+CETN2+PCNT_1_000_002_max_C1,279,686,0.9193792939186096
513,RPE1wt_CEP63+CETN2+PCNT_1_000_002_max_C1,781,658,0.9360971450805664
514,RPE1wt_CEP63+CETN2+PCNT_1_000_002_max_C1,783,654,0.25272276997566223
515,RPE1wt_CEP63+CETN2+PCNT_1_000_002_max_C1,52,579,0.9239393472671509
516,RPE1wt_CEP63+CETN2+PCNT_1_000_002_max_C1,1628,575,0.10860422998666763
517,RPE1wt_CEP63+CETN2+PCNT_1_000_002_max_C1,1628,570,0.925197958946228
518,RPE1wt_CEP63+CETN2+PCNT_1_000_002_max_C1,2010,550,0.8119990825653076
519,RPE1wt_CEP63+CETN2+PCNT_1_000_002_max_C1,2001,549,0.33041074872016907
520,RPE1wt_CEP63+CETN2+PCNT_1_000_002_max_C1,1359,459,0.14967164397239685
521,RPE1wt_CEP63+CETN2+PCNT_1_000_002_max_C1,1361,455,0.7593368887901306
522,RPE1wt_CEP63+CETN2+PCNT_1_000_002_max_C1,989,388,0.939355194568634
523,RPE1wt_CEP63+CETN2+PCNT_1_000_002_max_C1,995,383,0.15474632382392883
524,RPE1wt_CEP63+CETN2+PCNT_1_000_002_max_C1,1831,368,0.18106217682361603
525,RPE1wt_CEP63+CETN2+PCNT_1_000_002_max_C1,1836,365,0.9132266640663147
526,RPE1wt_CEP63+CETN2+PCNT_1_000_002_max_C1,1278,304,0.9153807759284973
527,RPE1wt_CEP63+CETN2+PCNT_1_000_002_max_C1,1274,299,0.8946599364280701
528,RPE1wt_CEP63+CETN2+PCNT_1_000_002_max_C1,475,298,0.7716588973999023
529,RPE1wt_CEP63+CETN2+PCNT_1_000_002_max_C1,470,291,0.9276125431060791
530,RPE1wt_CEP63+CETN2+PCNT_1_000_002_max_C1,1191,274,0.9073322415351868
531,RPE1wt_CEP63+CETN2+PCNT_1_000_002_max_C1,132,263,0.822573184967041
532,RPE1wt_CEP63+CETN2+PCNT_1_000_002_max_C1,1678,188,0.7433403134346008
533,RPE1wt_CEP63+CETN2+PCNT_1_000_002_max_C1,1669,176,0.9516658186912537
534,RPE1wt_CEP63+CETN2+PCNT_1_000_002_max_C1,154,61,0.9341435432434082
535,RPE1wt_CEP63+CETN2+PCNT_1_000_002_max_C1,849,38,0.8639054894447327
536,RPE1wt_CEP63+CETN2+PCNT_1_000_002_max_C1,839,36,0.3177061975002289
537,RPE1wt_CEP63+CETN2+PCNT_1_000_002_max_C1,1498,26,0.9528362154960632
538,RPE1wt_CEP63+CETN2+PCNT_1_000_002_max_C1,1380,14,0.8418225049972534
539,RPE1wt_CEP63+CETN2+PCNT_1_002_002_max_C1,1789,2044,0.27835333347320557
540,RPE1wt_CEP63+CETN2+PCNT_1_002_002_max_C1,333,1938,0.11653921008110046
541,RPE1wt_CEP63+CETN2+PCNT_1_002_002_max_C1,332,1931,0.8701853156089783
542,RPE1wt_CEP63+CETN2+PCNT_1_002_002_max_C1,171,1799,0.26263687014579773
543,RPE1wt_CEP63+CETN2+PCNT_1_002_002_max_C1,1453,1790,0.4375070631504059
544,RPE1wt_CEP63+CETN2+PCNT_1_002_002_max_C1,172,1790,0.979642391204834
545,RPE1wt_CEP63+CETN2+PCNT_1_002_002_max_C1,1456,1788,0.8170573115348816
546,RPE1wt_CEP63+CETN2+PCNT_1_002_002_max_C1,402,1759,0.8246732950210571
547,RPE1wt_CEP63+CETN2+PCNT_1_002_002_max_C1,771,1735,0.9058636426925659
548,RPE1wt_CEP63+CETN2+PCNT_1_002_002_max_C1,766,1729,0.677401065826416
549,RPE1wt_CEP63+CETN2+PCNT_1_002_002_max_C1,234,1521,0.8740325570106506
550,RPE1wt_CEP63+CETN2+PCNT_1_002_002_max_C1,228,1519,0.3301088511943817
551,RPE1wt_CEP63+CETN2+PCNT_1_002_002_max_C1,916,1504,0.7084527611732483
552,RPE1wt_CEP63+CETN2+PCNT_1_002_002_max_C1,918,1498,0.12685447931289673
553,RPE1wt_CEP63+CETN2+PCNT_1_002_002_max_C1,1176,1494,0.8881664872169495
554,RPE1wt_CEP63+CETN2+PCNT_1_002_002_max_C1,1173,1492,0.724004864692688
555,RPE1wt_CEP63+CETN2+PCNT_1_002_002_max_C1,1624,1469,0.603945791721344
556,RPE1wt_CEP63+CETN2+PCNT_1_002_002_max_C1,1623,1462,0.8249554634094238
557,RPE1wt_CEP63+CETN2+PCNT_1_002_002_max_C1,1852,1458,0.9347118735313416
558,RPE1wt_CEP63+CETN2+PCNT_1_002_002_max_C1,332,1286,0.9522691965103149
559,RPE1wt_CEP63+CETN2+PCNT_1_002_002_max_C1,124,1236,0.9343171715736389
560,RPE1wt_CEP63+CETN2+PCNT_1_002_002_max_C1,313,1181,0.9662282466888428
561,RPE1wt_CEP63+CETN2+PCNT_1_002_002_max_C1,1354,1170,0.8826859593391418
562,RPE1wt_CEP63+CETN2+PCNT_1_002_002_max_C1,1345,1169,0.8576454520225525
563,RPE1wt_CEP63+CETN2+PCNT_1_002_002_max_C1,545,1142,0.16076353192329407
564,RPE1wt_CEP63+CETN2+PCNT_1_002_002_max_C1,548,1138,0.7876174449920654
565,RPE1wt_CEP63+CETN2+PCNT_1_002_002_max_C1,915,1094,0.9447939395904541
566,RPE1wt_CEP63+CETN2+PCNT_1_002_002_max_C1,900,1090,0.9118675589561462
567,RPE1wt_CEP63+CETN2+PCNT_1_002_002_max_C1,1679,1067,0.9050732254981995
568,RPE1wt_CEP63+CETN2+PCNT_1_002_002_max_C1,1669,1054,0.9255778193473816
569,RPE1wt_CEP63+CETN2+PCNT_1_002_002_max_C1,22,988,0.9047366380691528
570,RPE1wt_CEP63+CETN2+PCNT_1_002_002_max_C1,523,780,0.3621743321418762
571,RPE1wt_CEP63+CETN2+PCNT_1_002_002_max_C1,846,779,0.8430073261260986
572,RPE1wt_CEP63+CETN2+PCNT_1_002_002_max_C1,527,777,0.7857246994972229
573,RPE1wt_CEP63+CETN2+PCNT_1_002_002_max_C1,846,767,0.9750935435295105
574,RPE1wt_CEP63+CETN2+PCNT_1_002_002_max_C1,1767,760,0.29977333545684814
575,RPE1wt_CEP63+CETN2+PCNT_1_002_002_max_C1,1764,755,0.8534895181655884
576,RPE1wt_CEP63+CETN2+PCNT_1_002_002_max_C1,1201,744,0.9687424302101135
577,RPE1wt_CEP63+CETN2+PCNT_1_002_002_max_C1,1209,731,0.9670795798301697
578,RPE1wt_CEP63+CETN2+PCNT_1_002_002_max_C1,299,601,0.9373540282249451
579,RPE1wt_CEP63+CETN2+PCNT_1_002_002_max_C1,296,601,0.30318161845207214
580,RPE1wt_CEP63+CETN2+PCNT_1_002_002_max_C1,745,546,0.9469203352928162
581,RPE1wt_CEP63+CETN2+PCNT_1_002_002_max_C1,1738,525,0.9222321510314941
582,RPE1wt_CEP63+CETN2+PCNT_1_002_002_max_C1,1751,511,0.11357047408819199
583,RPE1wt_CEP63+CETN2+PCNT_1_002_002_max_C1,1488,486,0.5034008622169495
584,RPE1wt_CEP63+CETN2+PCNT_1_002_002_max_C1,1488,484,0.12403202056884766
585,RPE1wt_CEP63+CETN2+PCNT_1_002_002_max_C1,1489,481,0.9662542939186096
586,RPE1wt_CEP63+CETN2+PCNT_1_002_002_max_C1,1488,323,0.9615775346755981
587,RPE1wt_CEP63+CETN2+PCNT_1_002_002_max_C1,1493,319,0.18339340388774872
588,RPE1wt_CEP63+CETN2+PCNT_1_002_002_max_C1,120,309,0.9308175444602966
589,RPE1wt_CEP63+CETN2+PCNT_1_002_002_max_C1,1228,301,0.9154238104820251
590,RPE1wt_CEP63+CETN2+PCNT_1_002_002_max_C1,641,298,0.17109662294387817
591,RPE1wt_CEP63+CETN2+PCNT_1_002_002_max_C1,635,297,0.7384183406829834
592,RPE1wt_CEP63+CETN2+PCNT_1_002_002_max_C1,139,289,0.9599139094352722
593,RPE1wt_CEP63+CETN2+PCNT_1_002_002_max_C1,1939,262,0.6168526411056519
594,RPE1wt_CEP63+CETN2+PCNT_1_002_002_max_C1,1943,259,0.8443138003349304
595,RPE1wt_CEP63+CETN2+PCNT_1_002_002_max_C1,1204,208,0.9761258363723755
596,RPE1wt_CEP63+CETN2+PCNT_1_002_002_max_C1,895,66,0.9145748615264893
597,RPE1wt_CEP63+CETN2+PCNT_1_002_002_max_C1,1674,48,0.15007951855659485
598,RPE1wt_CEP63+CETN2+PCNT_1_002_002_max_C1,1670,42,0.9694520831108093
599,RPE1wt_CEP63+CETN2+PCNT_1_002_002_max_C1,1366,35,0.9078841209411621
600,RPE1wt_CEP63+CETN2+PCNT_1_002_002_max_C1,1365,33,0.2675608694553375
601,RPE1wt_CEP63+CETN2+PCNT_1_002_002_max_C1,1365,31,0.11441891640424728
602,RPE1wt_CEP63+CETN2+PCNT_1_002_002_max_C1,501,12,0.973808765411377
603,RPE1wt_CEP63+CETN2+PCNT_1_003_000_max_C1,990,2044,0.930875837802887
604,RPE1wt_CEP63+CETN2+PCNT_1_003_000_max_C1,977,2038,0.9005185961723328
605,RPE1wt_CEP63+CETN2+PCNT_1_003_000_max_C1,2033,1920,0.8761321902275085
606,RPE1wt_CEP63+CETN2+PCNT_1_003_000_max_C1,2032,1918,0.6927176713943481
607,RPE1wt_CEP63+CETN2+PCNT_1_003_000_max_C1,2031,1916,0.6300998330116272
608,RPE1wt_CEP63+CETN2+PCNT_1_003_000_max_C1,992,1729,0.9553661942481995
609,RPE1wt_CEP63+CETN2+PCNT_1_003_000_max_C1,999,1728,0.7358999252319336
610,RPE1wt_CEP63+CETN2+PCNT_1_003_000_max_C1,1814,1717,0.7953330278396606
611,RPE1wt_CEP63+CETN2+PCNT_1_003_000_max_C1,1821,1714,0.9245737791061401
612,RPE1wt_CEP63+CETN2+PCNT_1_003_000_max_C1,106,1702,0.9289135932922363
613,RPE1wt_CEP63+CETN2+PCNT_1_003_000_max_C1,254,1698,0.7966941595077515
614,RPE1wt_CEP63+CETN2+PCNT_1_003_000_max_C1,120,1697,0.8441722393035889
615,RPE1wt_CEP63+CETN2+PCNT_1_003_000_max_C1,261,1695,0.8389837741851807
616,RPE1wt_CEP63+CETN2+PCNT_1_003_000_max_C1,1307,1518,0.9357431530952454
617,RPE1wt_CEP63+CETN2+PCNT_1_003_000_max_C1,1315,1515,0.9386200904846191
618,RPE1wt_CEP63+CETN2+PCNT_1_003_000_max_C1,1681,1470,0.8857057690620422
619,RPE1wt_CEP63+CETN2+PCNT_1_003_000_max_C1,1675,1465,0.9680841565132141
620,RPE1wt_CEP63+CETN2+PCNT_1_003_000_max_C1,656,1456,0.3305116295814514
621,RPE1wt_CEP63+CETN2+PCNT_1_003_000_max_C1,651,1450,0.9491462707519531
622,RPE1wt_CEP63+CETN2+PCNT_1_003_000_max_C1,88,1271,0.9549258351325989
623,RPE1wt_CEP63+CETN2+PCNT_1_003_000_max_C1,1378,1190,0.9324384331703186
624,RPE1wt_CEP63+CETN2+PCNT_1_003_000_max_C1,1376,1187,0.12595416605472565
625,RPE1wt_CEP63+CETN2+PCNT_1_003_000_max_C1,1374,1184,0.20294460654258728
626,RPE1wt_CEP63+CETN2+PCNT_1_003_000_max_C1,1078,1125,0.928999662399292
627,RPE1wt_CEP63+CETN2+PCNT_1_003_000_max_C1,1071,1106,0.968349039554596
628,RPE1wt_CEP63+CETN2+PCNT_1_003_000_max_C1,1851,1033,0.4526095390319824
629,RPE1wt_CEP63+CETN2+PCNT_1_003_000_max_C1,1856,1032,0.5404317378997803
630,RPE1wt_CEP63+CETN2+PCNT_1_003_000_max_C1,110,906,0.7353128790855408
631,RPE1wt_CEP63+CETN2+PCNT_1_003_000_max_C1,115,904,0.8914120197296143
632,RPE1wt_CEP63+CETN2+PCNT_1_003_000_max_C1,493,902,0.8057592511177063
633,RPE1wt_CEP63+CETN2+PCNT_1_003_000_max_C1,489,897,0.9231443405151367
634,RPE1wt_CEP63+CETN2+PCNT_1_003_000_max_C1,898,765,0.9594001173973083
635,RPE1wt_CEP63+CETN2+PCNT_1_003_000_max_C1,2029,760,0.20956286787986755
636,RPE1wt_CEP63+CETN2+PCNT_1_003_000_max_C1,2033,756,0.9716081023216248
637,RPE1wt_CEP63+CETN2+PCNT_1_003_000_max_C1,951,736,0.9588027000427246
638,RPE1wt_CEP63+CETN2+PCNT_1_003_000_max_C1,1672,673,0.9183374047279358
639,RPE1wt_CEP63+CETN2+PCNT_1_003_000_max_C1,1358,664,0.946984052658081
640,RPE1wt_CEP63+CETN2+PCNT_1_003_000_max_C1,1342,663,0.8931613564491272
641,RPE1wt_CEP63+CETN2+PCNT_1_003_000_max_C1,1680,657,0.9577163457870483
642,RPE1wt_CEP63+CETN2+PCNT_1_003_000_max_C1,268,483,0.11399441212415695
643,RPE1wt_CEP63+CETN2+PCNT_1_003_000_max_C1,263,480,0.9047931432723999
644,RPE1wt_CEP63+CETN2+PCNT_1_003_000_max_C1,1828,322,0.1213323324918747
645,RPE1wt_CEP63+CETN2+PCNT_1_003_000_max_C1,1827,318,0.932373583316803
646,RPE1wt_CEP63+CETN2+PCNT_1_003_000_max_C1,1432,212,0.8940063118934631
647,RPE1wt_CEP63+CETN2+PCNT_1_003_000_max_C1,1424,211,0.9391211867332458
648,RPE1wt_CEP63+CETN2+PCNT_1_003_000_max_C1,295,202,0.4779927432537079
649,RPE1wt_CEP63+CETN2+PCNT_1_003_000_max_C1,299,197,0.6438828110694885
650,RPE1wt_CEP63+CETN2+PCNT_1_003_000_max_C1,116,167,0.852880597114563
651,RPE1wt_CEP63+CETN2+PCNT_1_000_003_max_C1,118,2000,0.6456848382949829
652,RPE1wt_CEP63+CETN2+PCNT_1_000_003_max_C1,116,1998,0.6261497139930725
653,RPE1wt_CEP63+CETN2+PCNT_1_000_003_max_C1,114,1996,0.6595430374145508
654,RPE1wt_CEP63+CETN2+PCNT_1_000_003_max_C1,1475,1970,0.7942273020744324
655,RPE1wt_CEP63+CETN2+PCNT_1_000_003_max_C1,923,1825,0.9631722569465637
656,RPE1wt_CEP63+CETN2+PCNT_1_000_003_max_C1,912,1818,0.8404784798622131
657,RPE1wt_CEP63+CETN2+PCNT_1_000_003_max_C1,512,1800,0.9126690626144409
658,RPE1wt_CEP63+CETN2+PCNT_1_000_003_max_C1,375,1764,0.9748926162719727
659,RPE1wt_CEP63+CETN2+PCNT_1_000_003_max_C1,1892,1753,0.39135053753852844
660,RPE1wt_CEP63+CETN2+PCNT_1_000_003_max_C1,1890,1747,0.8027784824371338
661,RPE1wt_CEP63+CETN2+PCNT_1_000_003_max_C1,1471,1700,0.9485538601875305
662,RPE1wt_CEP63+CETN2+PCNT_1_000_003_max_C1,1528,1664,0.9551399946212769
663,RPE1wt_CEP63+CETN2+PCNT_1_000_003_max_C1,1774,1506,0.9628413319587708
664,RPE1wt_CEP63+CETN2+PCNT_1_000_003_max_C1,1125,1474,0.7903255820274353
665,RPE1wt_CEP63+CETN2+PCNT_1_000_003_max_C1,1124,1471,0.21457375586032867
666,RPE1wt_CEP63+CETN2+PCNT_1_000_003_max_C1,395,1414,0.733234703540802
667,RPE1wt_CEP63+CETN2+PCNT_1_000_003_max_C1,678,1412,0.9002944827079773
668,RPE1wt_CEP63+CETN2+PCNT_1_000_003_max_C1,400,1411,0.8706756234169006
669,RPE1wt_CEP63+CETN2+PCNT_1_000_003_max_C1,820,1376,0.9479517340660095
670,RPE1wt_CEP63+CETN2+PCNT_1_000_003_max_C1,1604,1311,0.9209617972373962
671,RPE1wt_CEP63+CETN2+PCNT_1_000_003_max_C1,1612,1308,0.7695331573486328
672,RPE1wt_CEP63+CETN2+PCNT_1_000_003_max_C1,139,1212,0.9570081233978271
673,RPE1wt_CEP63+CETN2+PCNT_1_000_003_max_C1,141,1187,0.27767816185951233
674,RPE1wt_CEP63+CETN2+PCNT_1_000_003_max_C1,513,1127,0.0002539362176321447
675,RPE1wt_CEP63+CETN2+PCNT_1_000_003_max_C1,938,1088,0.9468314051628113
676,RPE1wt_CEP63+CETN2+PCNT_1_000_003_max_C1,935,1080,0.18485432863235474
677,RPE1wt_CEP63+CETN2+PCNT_1_000_003_max_C1,535,1079,0.8978678584098816
678,RPE1wt_CEP63+CETN2+PCNT_1_000_003_max_C1,533,1072,0.630987823009491
679,RPE1wt_CEP63+CETN2+PCNT_1_000_003_max_C1,1754,1037,0.9731709361076355
680,RPE1wt_CEP63+CETN2+PCNT_1_000_003_max_C1,1758,1019,0.9308554530143738
681,RPE1wt_CEP63+CETN2+PCNT_1_000_003_max_C1,1160,993,0.18576523661613464
682,RPE1wt_CEP63+CETN2+PCNT_1_000_003_max_C1,1153,990,0.9558264017105103
683,RPE1wt_CEP63+CETN2+PCNT_1_000_003_max_C1,1166,853,0.5143808126449585
684,RPE1wt_CEP63+CETN2+PCNT_1_000_003_max_C1,1170,847,0.915031373500824
685,RPE1wt_CEP63+CETN2+PCNT_1_000_003_max_C1,1519,823,0.834318995475769
686,RPE1wt_CEP63+CETN2+PCNT_1_000_003_max_C1,524,713,0.8573974967002869
687,RPE1wt_CEP63+CETN2+PCNT_1_000_003_max_C1,1010,673,0.8895947337150574
688,RPE1wt_CEP63+CETN2+PCNT_1_000_003_max_C1,121,670,0.92121422290802
689,RPE1wt_CEP63+CETN2+PCNT_1_000_003_max_C1,1500,644,0.8203026652336121
690,RPE1wt_CEP63+CETN2+PCNT_1_000_003_max_C1,169,627,0.9594579339027405
691,RPE1wt_CEP63+CETN2+PCNT_1_000_003_max_C1,635,510,0.5003139972686768
692,RPE1wt_CEP63+CETN2+PCNT_1_000_003_max_C1,627,507,0.8736077547073364
693,RPE1wt_CEP63+CETN2+PCNT_1_000_003_max_C1,1475,437,0.7691056728363037
694,RPE1wt_CEP63+CETN2+PCNT_1_000_003_max_C1,1484,433,0.9433287978172302
695,RPE1wt_CEP63+CETN2+PCNT_1_000_003_max_C1,990,358,0.9667894840240479
696,RPE1wt_CEP63+CETN2+PCNT_1_000_003_max_C1,997,348,0.9643401503562927
697,RPE1wt_CEP63+CETN2+PCNT_1_000_003_max_C1,307,208,0.9325636029243469
698,RPE1wt_CEP63+CETN2+PCNT_1_000_003_max_C1,1514,59,0.2727830111980438
699,RPE1wt_CEP63+CETN2+PCNT_1_000_003_max_C1,1515,49,0.9608352780342102
700,RPE1wt_CEP63+CETN2+PCNT_1_000_004_max_C1,722,1980,0.922016978263855
701,RPE1wt_CEP63+CETN2+PCNT_1_000_004_max_C1,1006,1841,0.8733690977096558
702,RPE1wt_CEP63+CETN2+PCNT_1_000_004_max_C1,1860,1840,0.8202164769172668
703,RPE1wt_CEP63+CETN2+PCNT_1_000_004_max_C1,994,1839,0.9078311920166016
704,RPE1wt_CEP63+CETN2+PCNT_1_000_004_max_C1,461,1824,0.7692933678627014
705,RPE1wt_CEP63+CETN2+PCNT_1_000_004_max_C1,452,1824,0.659405529499054
706,RPE1wt_CEP63+CETN2+PCNT_1_000_004_max_C1,1284,1544,0.12853942811489105
707,RPE1wt_CEP63+CETN2+PCNT_1_000_004_max_C1,1280,1541,0.8802011013031006
708,RPE1wt_CEP63+CETN2+PCNT_1_000_004_max_C1,1739,1498,0.9589428901672363
709,RPE1wt_CEP63+CETN2+PCNT_1_000_004_max_C1,1073,1414,0.846932053565979
710,RPE1wt_CEP63+CETN2+PCNT_1_000_004_max_C1,1289,1378,0.9338321685791016
711,RPE1wt_CEP63+CETN2+PCNT_1_000_004_max_C1,1889,1372,0.8189200758934021
712,RPE1wt_CEP63+CETN2+PCNT_1_000_004_max_C1,1886,1367,0.2707620859146118
713,RPE1wt_CEP63+CETN2+PCNT_1_000_004_max_C1,69,1304,0.5149341821670532
714,RPE1wt_CEP63+CETN2+PCNT_1_000_004_max_C1,71,1300,0.5118519067764282
715,RPE1wt_CEP63+CETN2+PCNT_1_000_004_max_C1,1529,1227,0.903254508972168
716,RPE1wt_CEP63+CETN2+PCNT_1_000_004_max_C1,1309,1096,0.9413174390792847
717,RPE1wt_CEP63+CETN2+PCNT_1_000_004_max_C1,2014,1069,0.9414197206497192
718,RPE1wt_CEP63+CETN2+PCNT_1_000_004_max_C1,2009,1068,0.14011207222938538
719,RPE1wt_CEP63+CETN2+PCNT_1_000_004_max_C1,2013,1060,0.837884247303009
720,RPE1wt_CEP63+CETN2+PCNT_1_000_004_max_C1,844,1027,0.9561454057693481
721,RPE1wt_CEP63+CETN2+PCNT_1_000_004_max_C1,769,976,0.8612157106399536
722,RPE1wt_CEP63+CETN2+PCNT_1_000_004_max_C1,774,967,0.9588920474052429
723,RPE1wt_CEP63+CETN2+PCNT_1_000_004_max_C1,1609,957,0.9186587929725647
724,RPE1wt_CEP63+CETN2+PCNT_1_000_004_max_C1,1243,948,0.856633722782135
725,RPE1wt_CEP63+CETN2+PCNT_1_000_004_max_C1,1237,942,0.21226587891578674
726,RPE1wt_CEP63+CETN2+PCNT_1_000_004_max_C1,1912,576,0.9763761758804321
727,RPE1wt_CEP63+CETN2+PCNT_1_000_004_max_C1,2006,495,0.9340924620628357
728,RPE1wt_CEP63+CETN2+PCNT_1_000_004_max_C1,681,358,0.1263219118118286
729,RPE1wt_CEP63+CETN2+PCNT_1_000_004_max_C1,674,355,0.8922238945960999
730,RPE1wt_CEP63+CETN2+PCNT_1_000_004_max_C1,1456,317,0.9453124403953552
731,RPE1wt_CEP63+CETN2+PCNT_1_000_004_max_C1,1499,292,0.9615527391433716
732,RPE1wt_CEP63+CETN2+PCNT_1_000_004_max_C1,732,214,0.6761850118637085
733,RPE1wt_CEP63+CETN2+PCNT_1_000_004_max_C1,723,213,0.8900293111801147
734,RPE1wt_CEP63+CETN2+PCNT_1_000_004_max_C1,1979,17,0.9330151081085205
735,RPE1wt_CEP63+CETN2+PCNT_1_000_004_max_C1,2013,6,0.9691203832626343
736,RPE1wt_CEP63+CETN2+PCNT_1_004_000_max_C1,52,2040,0.5211998820304871
737,RPE1wt_CEP63+CETN2+PCNT_1_004_000_max_C1,54,2034,0.9184336066246033
738,RPE1wt_CEP63+CETN2+PCNT_1_004_000_max_C1,1694,2028,0.9321974515914917
739,RPE1wt_CEP63+CETN2+PCNT_1_004_000_max_C1,1700,2025,0.3242689073085785
740,RPE1wt_CEP63+CETN2+PCNT_1_004_000_max_C1,1222,2009,0.9217374324798584
741,RPE1wt_CEP63+CETN2+PCNT_1_004_000_max_C1,1218,2008,0.10329929739236832
742,RPE1wt_CEP63+CETN2+PCNT_1_004_000_max_C1,423,1893,0.1836252510547638
743,RPE1wt_CEP63+CETN2+PCNT_1_004_000_max_C1,417,1889,0.8856269717216492
744,RPE1wt_CEP63+CETN2+PCNT_1_004_000_max_C1,1420,1848,0.9321501851081848
745,RPE1wt_CEP63+CETN2+PCNT_1_004_000_max_C1,1881,1780,0.9055216908454895
746,RPE1wt_CEP63+CETN2+PCNT_1_004_000_max_C1,1581,1595,0.9395070672035217
747,RPE1wt_CEP63+CETN2+PCNT_1_004_000_max_C1,1214,1590,0.9671808481216431
748,RPE1wt_CEP63+CETN2+PCNT_1_004_000_max_C1,1961,1236,0.682424783706665
749,RPE1wt_CEP63+CETN2+PCNT_1_004_000_max_C1,165,1235,0.9462613463401794
750,RPE1wt_CEP63+CETN2+PCNT_1_004_000_max_C1,173,1233,0.7713828682899475
751,RPE1wt_CEP63+CETN2+PCNT_1_004_000_max_C1,1964,1230,0.8885929584503174
752,RPE1wt_CEP63+CETN2+PCNT_1_004_000_max_C1,943,1050,0.9223355650901794
753,RPE1wt_CEP63+CETN2+PCNT_1_004_000_max_C1,949,1040,0.953203558921814
754,RPE1wt_CEP63+CETN2+PCNT_1_004_000_max_C1,1463,961,0.8899983167648315
755,RPE1wt_CEP63+CETN2+PCNT_1_004_000_max_C1,1465,956,0.8264749050140381
756,RPE1wt_CEP63+CETN2+PCNT_1_004_000_max_C1,401,912,0.9635324478149414
757,RPE1wt_CEP63+CETN2+PCNT_1_004_000_max_C1,406,908,0.8286434412002563
758,RPE1wt_CEP63+CETN2+PCNT_1_004_000_max_C1,974,800,0.95621258020401
759,RPE1wt_CEP63+CETN2+PCNT_1_004_000_max_C1,1766,783,0.9583173394203186
760,RPE1wt_CEP63+CETN2+PCNT_1_004_000_max_C1,944,771,0.9733089208602905
761,RPE1wt_CEP63+CETN2+PCNT_1_004_000_max_C1,1715,692,0.9509405493736267
762,RPE1wt_CEP63+CETN2+PCNT_1_004_000_max_C1,1368,653,0.2582440972328186
763,RPE1wt_CEP63+CETN2+PCNT_1_004_000_max_C1,1365,646,0.9752113223075867
764,RPE1wt_CEP63+CETN2+PCNT_1_004_000_max_C1,392,594,0.9305115342140198
765,RPE1wt_CEP63+CETN2+PCNT_1_004_000_max_C1,395,589,0.10925816744565964
766,RPE1wt_CEP63+CETN2+PCNT_1_004_000_max_C1,1475,473,0.28278258442878723
767,RPE1wt_CEP63+CETN2+PCNT_1_004_000_max_C1,1482,472,0.892926812171936
768,RPE1wt_CEP63+CETN2+PCNT_1_004_000_max_C1,640,462,0.7424653768539429
769,RPE1wt_CEP63+CETN2+PCNT_1_004_000_max_C1,636,459,0.8376678228378296
770,RPE1wt_CEP63+CETN2+PCNT_1_004_000_max_C1,955,334,0.15452070534229279
771,RPE1wt_CEP63+CETN2+PCNT_1_004_000_max_C1,956,328,0.8239870071411133
772,RPE1wt_CEP63+CETN2+PCNT_1_004_000_max_C1,1329,162,0.29788854718208313
773,RPE1wt_CEP63+CETN2+PCNT_1_004_000_max_C1,1324,157,0.9639352560043335
774,RPE1wt_CEP63+CETN2+PCNT_1_004_000_max_C1,1679,91,0.9172643423080444
775,RPE1wt_CEP63+CETN2+PCNT_1_004_000_max_C1,627,49,0.7436594367027283
776,RPE1wt_CEP63+CETN2+PCNT_1_004_000_max_C1,623,39,0.9233765602111816
777,RPE1wt_CEP63+CETN2+PCNT_1_004_000_max_C1,253,33,0.846612811088562
778,RPE1wt_CEP63+CETN2+PCNT_1_003_002_max_C1,1833,2027,0.9609296917915344
779,RPE1wt_CEP63+CETN2+PCNT_1_003_002_max_C1,1835,2017,0.8362788558006287
780,RPE1wt_CEP63+CETN2+PCNT_1_003_002_max_C1,940,1960,0.9292359948158264
781,RPE1wt_CEP63+CETN2+PCNT_1_003_002_max_C1,735,1855,0.8667115569114685
782,RPE1wt_CEP63+CETN2+PCNT_1_003_002_max_C1,731,1854,0.1530427783727646
783,RPE1wt_CEP63+CETN2+PCNT_1_003_002_max_C1,956,1806,0.792660653591156
784,RPE1wt_CEP63+CETN2+PCNT_1_003_002_max_C1,955,1804,0.6627893447875977
785,RPE1wt_CEP63+CETN2+PCNT_1_003_002_max_C1,610,1712,0.8848657011985779
786,RPE1wt_CEP63+CETN2+PCNT_1_003_002_max_C1,911,1681,0.9250290989875793
787,RPE1wt_CEP63+CETN2+PCNT_1_003_002_max_C1,914,1678,0.2866354286670685
788,RPE1wt_CEP63+CETN2+PCNT_1_003_002_max_C1,435,1672,0.6506407260894775
789,RPE1wt_CEP63+CETN2+PCNT_1_003_002_max_C1,443,1668,0.8413025736808777
790,RPE1wt_CEP63+CETN2+PCNT_1_003_002_max_C1,1993,1651,0.8513984680175781
791,RPE1wt_CEP63+CETN2+PCNT_1_003_002_max_C1,2019,1635,0.946435272693634
792,RPE1wt_CEP63+CETN2+PCNT_1_003_002_max_C1,941,1594,0.9332248568534851
793,RPE1wt_CEP63+CETN2+PCNT_1_003_002_max_C1,932,1546,0.9439293742179871
794,RPE1wt_CEP63+CETN2+PCNT_1_003_002_max_C1,668,1483,0.9662351608276367
795,RPE1wt_CEP63+CETN2+PCNT_1_003_002_max_C1,702,1482,0.962358295917511
796,RPE1wt_CEP63+CETN2+PCNT_1_003_002_max_C1,418,1468,0.9464386105537415
797,RPE1wt_CEP63+CETN2+PCNT_1_003_002_max_C1,956,1402,0.9311647415161133
798,RPE1wt_CEP63+CETN2+PCNT_1_003_002_max_C1,1037,1342,0.925476610660553
799,RPE1wt_CEP63+CETN2+PCNT_1_003_002_max_C1,153,1297,0.9254323840141296
800,RPE1wt_CEP63+CETN2+PCNT_1_003_002_max_C1,155,1291,0.9636595249176025
801,RPE1wt_CEP63+CETN2+PCNT_1_003_002_max_C1,28,1044,0.21236184239387512
802,RPE1wt_CEP63+CETN2+PCNT_1_003_002_max_C1,29,1038,0.9647485017776489
803,RPE1wt_CEP63+CETN2+PCNT_1_003_002_max_C1,300,905,0.9486010670661926
804,RPE1wt_CEP63+CETN2+PCNT_1_003_002_max_C1,593,863,0.9408757090568542
805,RPE1wt_CEP63+CETN2+PCNT_1_003_002_max_C1,587,859,0.7343885898590088
806,RPE1wt_CEP63+CETN2+PCNT_1_003_002_max_C1,39,765,0.9514614343643188
807,RPE1wt_CEP63+CETN2+PCNT_1_003_002_max_C1,1352,736,0.9465654492378235
808,RPE1wt_CEP63+CETN2+PCNT_1_003_002_max_C1,712,667,0.9654328227043152
809,RPE1wt_CEP63+CETN2+PCNT_1_003_002_max_C1,1721,663,0.7642554640769958
810,RPE1wt_CEP63+CETN2+PCNT_1_003_002_max_C1,1300,619,0.9595120549201965
811,RPE1wt_CEP63+CETN2+PCNT_1_003_002_max_C1,1298,592,0.9333359599113464
812,RPE1wt_CEP63+CETN2+PCNT_1_003_002_max_C1,940,578,0.9518424272537231
813,RPE1wt_CEP63+CETN2+PCNT_1_003_002_max_C1,420,563,0.9602859616279602
814,RPE1wt_CEP63+CETN2+PCNT_1_003_002_max_C1,649,473,0.9027537107467651
815,RPE1wt_CEP63+CETN2+PCNT_1_003_002_max_C1,146,440,0.8980991244316101
816,RPE1wt_CEP63+CETN2+PCNT_1_003_002_max_C1,140,434,0.22898241877555847
817,RPE1wt_CEP63+CETN2+PCNT_1_003_002_max_C1,1125,273,0.9507601261138916
818,RPE1wt_CEP63+CETN2+PCNT_1_003_002_max_C1,1119,267,0.17646090686321259
819,RPE1wt_CEP63+CETN2+PCNT_1_003_002_max_C1,1537,260,0.9306296110153198
820,RPE1wt_CEP63+CETN2+PCNT_1_003_002_max_C1,2032,239,0.9130122661590576
821,RPE1wt_CEP63+CETN2+PCNT_1_003_002_max_C1,499,219,0.9426020979881287
822,RPE1wt_CEP63+CETN2+PCNT_1_003_002_max_C1,1939,147,0.9121556878089905
823,RPE1wt_CEP63+CETN2+PCNT_1_003_002_max_C1,1941,138,0.8608750104904175
824,RPE1wt_CEP63+CETN2+PCNT_1_003_002_max_C1,902,57,0.8912915587425232
825,RPE1wt_CEP63+CETN2+PCNT_1_003_002_max_C1,55,16,0.7436065673828125
826,RPE1wt_CEP63+CETN2+PCNT_1_004_001_max_C1,1435,2011,0.8915807604789734
827,RPE1wt_CEP63+CETN2+PCNT_1_004_001_max_C1,1444,2010,0.1879972517490387
828,RPE1wt_CEP63+CETN2+PCNT_1_004_001_max_C1,456,1993,0.8532110452651978
829,RPE1wt_CEP63+CETN2+PCNT_1_004_001_max_C1,451,1992,0.2659342885017395
830,RPE1wt_CEP63+CETN2+PCNT_1_004_001_max_C1,1022,1933,0.968805730342865
831,RPE1wt_CEP63+CETN2+PCNT_1_004_001_max_C1,538,1787,0.8204899430274963
832,RPE1wt_CEP63+CETN2+PCNT_1_004_001_max_C1,533,1784,0.16912370920181274
833,RPE1wt_CEP63+CETN2+PCNT_1_004_001_max_C1,1756,1767,0.5114305019378662
834,RPE1wt_CEP63+CETN2+PCNT_1_004_001_max_C1,1752,1759,0.9452916383743286
835,RPE1wt_CEP63+CETN2+PCNT_1_004_001_max_C1,353,1756,0.8966458439826965
836,RPE1wt_CEP63+CETN2+PCNT_1_004_001_max_C1,345,1754,0.9118455648422241
837,RPE1wt_CEP63+CETN2+PCNT_1_004_001_max_C1,1023,1714,0.9189116954803467
838,RPE1wt_CEP63+CETN2+PCNT_1_004_001_max_C1,83,1710,0.9456287026405334
839,RPE1wt_CEP63+CETN2+PCNT_1_004_001_max_C1,1015,1705,0.9109985828399658
840,RPE1wt_CEP63+CETN2+PCNT_1_004_001_max_C1,1489,1658,0.9079791903495789
841,RPE1wt_CEP63+CETN2+PCNT_1_004_001_max_C1,1490,1656,0.8232769966125488
842,RPE1wt_CEP63+CETN2+PCNT_1_004_001_max_C1,337,1587,0.9085472822189331
843,RPE1wt_CEP63+CETN2+PCNT_1_004_001_max_C1,794,1583,0.9465412497520447
844,RPE1wt_CEP63+CETN2+PCNT_1_004_001_max_C1,882,1526,0.962028443813324
845,RPE1wt_CEP63+CETN2+PCNT_1_004_001_max_C1,734,1449,0.3305116295814514
846,RPE1wt_CEP63+CETN2+PCNT_1_004_001_max_C1,736,1445,0.9297739267349243
847,RPE1wt_CEP63+CETN2+PCNT_1_004_001_max_C1,1788,1421,0.9423518776893616
848,RPE1wt_CEP63+CETN2+PCNT_1_004_001_max_C1,1781,1416,0.4502239227294922
849,RPE1wt_CEP63+CETN2+PCNT_1_004_001_max_C1,75,1397,0.8967069387435913
850,RPE1wt_CEP63+CETN2+PCNT_1_004_001_max_C1,241,1287,0.9367693066596985
851,RPE1wt_CEP63+CETN2+PCNT_1_004_001_max_C1,246,1286,0.1145479828119278
852,RPE1wt_CEP63+CETN2+PCNT_1_004_001_max_C1,419,1229,0.16454379260540009
853,RPE1wt_CEP63+CETN2+PCNT_1_004_001_max_C1,423,1227,0.803650975227356
854,RPE1wt_CEP63+CETN2+PCNT_1_004_001_max_C1,1293,1159,0.9738751649856567
855,RPE1wt_CEP63+CETN2+PCNT_1_004_001_max_C1,1667,1144,0.8850889801979065
856,RPE1wt_CEP63+CETN2+PCNT_1_004_001_max_C1,1668,1141,0.11976823955774307
857,RPE1wt_CEP63+CETN2+PCNT_1_004_001_max_C1,1278,1120,0.9659132361412048
858,RPE1wt_CEP63+CETN2+PCNT_1_004_001_max_C1,44,1075,0.9545654058456421
859,RPE1wt_CEP63+CETN2+PCNT_1_004_001_max_C1,687,995,0.16942667961120605
860,RPE1wt_CEP63+CETN2+PCNT_1_004_001_max_C1,692,992,0.9520705342292786
861,RPE1wt_CEP63+CETN2+PCNT_1_004_001_max_C1,2006,942,0.7465929388999939
862,RPE1wt_CEP63+CETN2+PCNT_1_004_001_max_C1,2012,934,0.9317204356193542
863,RPE1wt_CEP63+CETN2+PCNT_1_004_001_max_C1,843,926,0.7407727241516113
864,RPE1wt_CEP63+CETN2+PCNT_1_004_001_max_C1,312,840,0.9583908319473267
865,RPE1wt_CEP63+CETN2+PCNT_1_004_001_max_C1,89,812,0.948157787322998
866,RPE1wt_CEP63+CETN2+PCNT_1_004_001_max_C1,70,797,0.9602903723716736
867,RPE1wt_CEP63+CETN2+PCNT_1_004_001_max_C1,1443,768,0.7981934547424316
868,RPE1wt_CEP63+CETN2+PCNT_1_004_001_max_C1,1448,764,0.25913676619529724
869,RPE1wt_CEP63+CETN2+PCNT_1_004_001_max_C1,506,762,0.8991466760635376
870,RPE1wt_CEP63+CETN2+PCNT_1_004_001_max_C1,502,761,0.1538405865430832
871,RPE1wt_CEP63+CETN2+PCNT_1_004_001_max_C1,101,677,0.8424081206321716
872,RPE1wt_CEP63+CETN2+PCNT_1_004_001_max_C1,96,672,0.16069699823856354
873,RPE1wt_CEP63+CETN2+PCNT_1_004_001_max_C1,865,648,0.660163402557373
874,RPE1wt_CEP63+CETN2+PCNT_1_004_001_max_C1,865,642,0.9696437120437622
875,RPE1wt_CEP63+CETN2+PCNT_1_004_001_max_C1,1228,554,0.12119123339653015
876,RPE1wt_CEP63+CETN2+PCNT_1_004_001_max_C1,1223,552,0.9758532047271729
877,RPE1wt_CEP63+CETN2+PCNT_1_004_001_max_C1,288,487,0.9366855025291443
878,RPE1wt_CEP63+CETN2+PCNT_1_004_001_max_C1,281,485,0.3985820412635803
879,RPE1wt_CEP63+CETN2+PCNT_1_004_001_max_C1,1001,361,0.47976255416870117
880,RPE1wt_CEP63+CETN2+PCNT_1_004_001_max_C1,996,357,0.9821497797966003
881,RPE1wt_CEP63+CETN2+PCNT_1_004_001_max_C1,1317,308,0.5444768667221069
882,RPE1wt_CEP63+CETN2+PCNT_1_004_001_max_C1,1313,302,0.8893551826477051
883,RPE1wt_CEP63+CETN2+PCNT_1_004_001_max_C1,1507,300,0.939335823059082
884,RPE1wt_CEP63+CETN2+PCNT_1_004_001_max_C1,1505,294,0.7082151770591736
885,RPE1wt_CEP63+CETN2+PCNT_1_004_001_max_C1,651,289,0.9019677042961121
886,RPE1wt_CEP63+CETN2+PCNT_1_004_001_max_C1,647,289,0.7492273449897766
887,RPE1wt_CEP63+CETN2+PCNT_1_004_001_max_C1,7,238,0.9302661418914795
888,RPE1wt_CEP63+CETN2+PCNT_1_004_001_max_C1,1762,218,0.6241008639335632
889,RPE1wt_CEP63+CETN2+PCNT_1_004_001_max_C1,1768,216,0.1898869127035141
890,RPE1wt_CEP63+CETN2+PCNT_1_004_001_max_C1,910,201,0.861716091632843
891,RPE1wt_CEP63+CETN2+PCNT_1_004_001_max_C1,1809,147,0.9668716192245483
892,RPE1wt_CEP63+CETN2+PCNT_1_004_001_max_C1,800,99,0.9386628270149231
893,RPE1wt_CEP63+CETN2+PCNT_1_004_001_max_C1,1298,72,0.8511030077934265
894,RPE1wt_CEP63+CETN2+PCNT_1_004_001_max_C1,1314,63,0.8395764827728271
895,RPE1wt_CEP63+CETN2+PCNT_1_004_001_max_C1,363,43,0.9610434174537659
896,RPE1wt_CEP63+CETN2+PCNT_1_004_001_max_C1,363,40,0.9107568860054016
897,RPE1wt_CEP63+CETN2+PCNT_1_004_001_max_C1,1071,20,0.14228035509586334
898,RPE1wt_CEP63+CETN2+PCNT_1_004_001_max_C1,1073,19,0.15530431270599365
899,RPE1wt_CEP63+CETN2+PCNT_1_004_001_max_C1,1070,18,0.4655154049396515
900,RPE1wt_CEP63+CETN2+PCNT_1_004_001_max_C1,1038,3,0.3305116295814514
901,RPE1wt_CEP63+CETN2+PCNT_1_003_003_max_C1,1804,1909,0.6736302375793457
902,RPE1wt_CEP63+CETN2+PCNT_1_003_003_max_C1,1803,1907,0.5673901438713074
903,RPE1wt_CEP63+CETN2+PCNT_1_003_003_max_C1,1804,1904,0.6927666664123535
904,RPE1wt_CEP63+CETN2+PCNT_1_003_003_max_C1,682,1884,0.20046395063400269
905,RPE1wt_CEP63+CETN2+PCNT_1_003_003_max_C1,675,1883,0.9080747961997986
906,RPE1wt_CEP63+CETN2+PCNT_1_003_003_max_C1,1770,1732,0.9308892488479614
907,RPE1wt_CEP63+CETN2+PCNT_1_003_003_max_C1,2040,1727,0.8900277614593506
908,RPE1wt_CEP63+CETN2+PCNT_1_003_003_max_C1,2037,1726,0.11324135214090347
909,RPE1wt_CEP63+CETN2+PCNT_1_003_003_max_C1,2033,1726,0.7754510641098022
910,RPE1wt_CEP63+CETN2+PCNT_1_003_003_max_C1,1226,1715,0.8255454301834106
911,RPE1wt_CEP63+CETN2+PCNT_1_003_003_max_C1,1225,1707,0.7388407588005066
912,RPE1wt_CEP63+CETN2+PCNT_1_003_003_max_C1,223,1686,0.9028726816177368
913,RPE1wt_CEP63+CETN2+PCNT_1_003_003_max_C1,227,1683,0.29903092980384827
914,RPE1wt_CEP63+CETN2+PCNT_1_003_003_max_C1,1547,1550,0.7596850395202637
915,RPE1wt_CEP63+CETN2+PCNT_1_003_003_max_C1,1545,1549,0.7940250635147095
916,RPE1wt_CEP63+CETN2+PCNT_1_003_003_max_C1,1544,1547,0.2500191926956177
917,RPE1wt_CEP63+CETN2+PCNT_1_003_003_max_C1,552,1504,0.18810535967350006
918,RPE1wt_CEP63+CETN2+PCNT_1_003_003_max_C1,547,1501,0.9303491115570068
919,RPE1wt_CEP63+CETN2+PCNT_1_003_003_max_C1,120,1382,0.9037609696388245
920,RPE1wt_CEP63+CETN2+PCNT_1_003_003_max_C1,1793,1263,0.20587356388568878
921,RPE1wt_CEP63+CETN2+PCNT_1_003_003_max_C1,1792,1261,0.3305116295814514
922,RPE1wt_CEP63+CETN2+PCNT_1_003_003_max_C1,1790,1259,0.9595394730567932
923,RPE1wt_CEP63+CETN2+PCNT_1_003_003_max_C1,760,1165,0.9120652675628662
924,RPE1wt_CEP63+CETN2+PCNT_1_003_003_max_C1,479,1073,0.9263492226600647
925,RPE1wt_CEP63+CETN2+PCNT_1_003_003_max_C1,293,1070,0.8923510909080505
926,RPE1wt_CEP63+CETN2+PCNT_1_003_003_max_C1,286,1066,0.7203726768493652
927,RPE1wt_CEP63+CETN2+PCNT_1_003_003_max_C1,475,1065,0.908362627029419
928,RPE1wt_CEP63+CETN2+PCNT_1_003_003_max_C1,102,910,0.8791325688362122
929,RPE1wt_CEP63+CETN2+PCNT_1_003_003_max_C1,1449,906,0.8872761726379395
930,RPE1wt_CEP63+CETN2+PCNT_1_003_003_max_C1,1445,903,0.6949008703231812
931,RPE1wt_CEP63+CETN2+PCNT_1_003_003_max_C1,708,824,0.1315711885690689
932,RPE1wt_CEP63+CETN2+PCNT_1_003_003_max_C1,711,819,0.9733224511146545
933,RPE1wt_CEP63+CETN2+PCNT_1_003_003_max_C1,318,817,0.9529916644096375
934,RPE1wt_CEP63+CETN2+PCNT_1_003_003_max_C1,315,811,0.11714635789394379
935,RPE1wt_CEP63+CETN2+PCNT_1_003_003_max_C1,1110,774,0.8192493915557861
936,RPE1wt_CEP63+CETN2+PCNT_1_003_003_max_C1,1120,773,0.9357991218566895
937,RPE1wt_CEP63+CETN2+PCNT_1_003_003_max_C1,1759,770,0.9698655605316162
938,RPE1wt_CEP63+CETN2+PCNT_1_003_003_max_C1,1761,762,0.6318169236183167
939,RPE1wt_CEP63+CETN2+PCNT_1_003_003_max_C1,373,674,0.9230472445487976
940,RPE1wt_CEP63+CETN2+PCNT_1_003_003_max_C1,368,510,0.8600468635559082
941,RPE1wt_CEP63+CETN2+PCNT_1_003_003_max_C1,2007,503,0.17049403488636017
942,RPE1wt_CEP63+CETN2+PCNT_1_003_003_max_C1,2009,496,0.8817529678344727
943,RPE1wt_CEP63+CETN2+PCNT_1_003_003_max_C1,619,400,0.951555609703064
944,RPE1wt_CEP63+CETN2+PCNT_1_003_003_max_C1,1601,372,0.1560242623090744
945,RPE1wt_CEP63+CETN2+PCNT_1_003_003_max_C1,1605,366,0.8784357309341431
946,RPE1wt_CEP63+CETN2+PCNT_1_003_003_max_C1,169,313,0.9282596111297607
947,RPE1wt_CEP63+CETN2+PCNT_1_003_003_max_C1,1073,286,0.9336519837379456
948,RPE1wt_CEP63+CETN2+PCNT_1_003_003_max_C1,1028,277,0.9398736357688904
949,RPE1wt_CEP63+CETN2+PCNT_1_003_003_max_C1,1299,186,0.4819050431251526
950,RPE1wt_CEP63+CETN2+PCNT_1_003_003_max_C1,1304,182,0.8089054822921753
951,RPE1wt_CEP63+CETN2+PCNT_1_003_003_max_C1,307,171,0.9262152314186096
952,RPE1wt_CEP63+CETN2+PCNT_1_004_004_max_C1,398,1829,0.8846905827522278
953,RPE1wt_CEP63+CETN2+PCNT_1_004_004_max_C1,427,1637,0.9063855409622192
954,RPE1wt_CEP63+CETN2+PCNT_1_004_004_max_C1,425,1636,0.8101891875267029
955,RPE1wt_CEP63+CETN2+PCNT_1_004_004_max_C1,399,1633,0.6071398854255676
956,RPE1wt_CEP63+CETN2+PCNT_1_004_004_max_C1,631,1585,0.9006745219230652
957,RPE1wt_CEP63+CETN2+PCNT_1_004_004_max_C1,693,1576,0.9660032391548157
958,RPE1wt_CEP63+CETN2+PCNT_1_004_004_max_C1,372,1136,0.9450345039367676
959,RPE1wt_CEP63+CETN2+PCNT_1_004_004_max_C1,256,1130,0.8930143713951111
960,RPE1wt_CEP63+CETN2+PCNT_1_004_004_max_C1,273,639,0.9127456545829773
961,RPE1wt_CEP63+CETN2+PCNT_1_004_004_max_C1,280,636,0.7748009562492371
962,RPE1wt_CEP63+CETN2+PCNT_1_004_004_max_C1,147,56,0.251691609621048
963,RPE1wt_CEP63+CETN2+PCNT_1_004_004_max_C1,143,54,0.8344001173973083
